qid,chart_id,question,reference_answer,image_url,source_url,image_sha256,qtype
E61-V001-01,chart_6d08db85af913b95f00ac871,Which country is shown at rank 7 for digital trade agreements?,Chile,,,6d08db85af913b95f00ac87163b7f057f82028d3ac0c26d058f4d5b9012b534e,60
R80-V001-01,chart_6d08db85af913b95f00ac871,How many more digital trade agreements does the country at printed rank 4 have than the country at printed rank 6?,2,,,6d08db85af913b95f00ac87163b7f057f82028d3ac0c26d058f4d5b9012b534e,10
R80-V001-02,chart_6d08db85af913b95f00ac871,What is the combined number of digital trade agreements for the countries at printed ranks 5 and 6?,32,,,6d08db85af913b95f00ac87163b7f057f82028d3ac0c26d058f4d5b9012b534e,10
C-72379aa801444b8f874207c43f254069,chart_22e37764630bc4a8859e3e09,What is the export value for Trucks parts?,11,,,22e37764630bc4a8859e3e096b173e45828bbcad60763f9f04da2afcd10f17eb,1
E61-V003-02,chart_d24e891977959e0cc57c0788,Which corporation has a profit of ₱38.76B?,Land Bank of the Philippines,,,d24e891977959e0cc57c0788f7d871701882b41c77fcc78785a48dbc76c94ace,60
R80-V003-01,chart_d24e891977959e0cc57c0788,"How much greater is Ayala Corp.'s profit than National Grid Corp. of the Philippines' profit, in billions of pesos?",1.17,,,d24e891977959e0cc57c0788f7d871701882b41c77fcc78785a48dbc76c94ace,10
V003,chart_d24e891977959e0cc57c0788,What's the profit of Ayala Corp.?,₱35.88B,,,d24e891977959e0cc57c0788f7d871701882b41c77fcc78785a48dbc76c94ace,1
E61-V004-03,chart_4fa51343e518fa53aaeb3685,Which pharmaceutical company makes $327.91 in profit per second?,BioNTech,,,4fa51343e518fa53aaeb3685553ae3be21c9773679a144af745a498799e9a357,60
V005,chart_0776c88a4b141c6e4dcfa9c9,"According to the infographic, what is the 5-year funds raised for the PE firm which is ranked 12th?",$26.2B,,,0776c88a4b141c6e4dcfa9c9be6ce3365010d2e7c71a64662f1be674f05ddc49,1
R80-V006-02,chart_0c3741c83693118a006256b3,How many sectors have at least 47% of firms planning to add AI functionality to digital twins?,5,,,0c3741c83693118a006256b378c8ca2ea68b707a595efbc4e069e02e84d41241,54
R80-V007-02,chart_b33fa489b60e7280b083db2c,"What is the mean CO2 emissions per capita of the countries at printed STI ranks 20 and 21, in metric tons per person?",8.4,,,b33fa489b60e7280b083db2ca64af49e5626ec4dca9bdfa9e833af53037e614e,1
V007,chart_b33fa489b60e7280b083db2c,What is the Co2 emissions per capita (metric tons per person) for the country with STI rank 21?,8.6,,,b33fa489b60e7280b083db2ca64af49e5626ec4dca9bdfa9e833af53037e614e,1
E61-V008-02,chart_c954e1f93be4fa768cc69649,Which state abbreviation labels the 89% tree-cover bar?,NH,,,c954e1f93be4fa768cc696499acfed355584933cf0721088d43384f9f64cb1b5,60
R80-V009-01,chart_2b3172235e97413a0c61e4d8,What is the male-minus-female estimated gross national income per capita gap for Jordan?,15244,,,2b3172235e97413a0c61e4d895af95515ab0b189f2fede5e87f8feaa99811e86,10
R80-V009-02,chart_2b3172235e97413a0c61e4d8,"Which country has the larger male-minus-female income-per-capita gap, Jordan or Georgia?",Jordan,,,2b3172235e97413a0c61e4d895af95515ab0b189f2fede5e87f8feaa99811e86,60
V009,chart_2b3172235e97413a0c61e4d8,What is the estimated gross national income per capita for males in Jordan?,18831,,,2b3172235e97413a0c61e4d895af95515ab0b189f2fede5e87f8feaa99811e86,1
C24-V010-01,chart_dacf34a361ebe2b874e68497,"What is the combined GDP of the Chinese megaregions paired with Italy and Korea, in trillions of dollars?",4.51,,,dacf34a361ebe2b874e68497859fad234e5960ed7c8d619bf986b26d12ffbeb4,10
V012,chart_5dce189b4b47f2add1fe13db,"What is the number of crossings corresponding to the 6,655 thousand net tonnage value?",519,,,5dce189b4b47f2add1fe13db2e857f627ffeb49606f76f05d6bc749c15a5efd0,1
E61-V013-02,chart_12484284d6aeab121d2533c9,Which generation accounts for 20.8% of spending power?,Boomers,,,12484284d6aeab121d2533c98e0fc9077fd85a99c063465a49ceb9122a4847d5,60
R80-V013-01,chart_12484284d6aeab121d2533c9,By how many percentage points does Gen X's spending-power share exceed its global-population share?,5.2,,,12484284d6aeab121d2533c98e0fc9077fd85a99c063465a49ceb9122a4847d5,10
R80-V013-02,chart_12484284d6aeab121d2533c9,"Among Millennials, Gen X, and Boomers, which generation has the largest spending-power share minus population share?",Boomers,,,12484284d6aeab121d2533c98e0fc9077fd85a99c063465a49ceb9122a4847d5,60
C24-V014-01,chart_8b9003764dd39fe848879582,"By how many percentage points does the U.S. infrastructure market share exceed the combined shares of India, Germany, and Japan?",7.8,,,8b9003764dd39fe8488795822976e73df69bec3d4b8f3e070f9bda123ca00f21,10
R80-V015-02,chart_882a8d6e36f2a7bc860164f8,"Among Japan, China, and the United States, which country has public debt below $15 trillion and a debt-to-GDP ratio above 200%?",Japan,,,882a8d6e36f2a7bc860164f8bd5ba5080eeb250048bc400534534928f936407b,60
E61-V016-02,chart_adadf8a8dde0ceb9e64b7d96,"Which year has total personal debt of $1,439.9 billion?",1980,,,adadf8a8dde0ceb9e64b7d9662d2e703dd5f661504a94710361c3e47c545b7d8,60
R80-V016-01,chart_adadf8a8dde0ceb9e64b7d96,"How much did total personal debt increase from the end of 1979 to the end of 1980, in billions of dollars?",104.5,,,adadf8a8dde0ceb9e64b7d9662d2e703dd5f661504a94710361c3e47c545b7d8,10
R80-V016-02,chart_adadf8a8dde0ceb9e64b7d96,By how many billions of dollars did the 1980–1981 increase in total personal debt exceed the 1979–1980 increase?,3.8,,,adadf8a8dde0ceb9e64b7d9662d2e703dd5f661504a94710361c3e47c545b7d8,10
V017,chart_27e35aa69968b4d686345610,Does the total spending in 1980 exceed $500 billion?,Yes,,,27e35aa69968b4d686345610b2894b8d04a4f36c3b104ae7bbbbb41e6c24dbf6,13
V018,chart_83ef19dd1c55cfed97a16775,Does the deficit without the tax bill in 1984 exceed $130 billions?,No,,,83ef19dd1c55cfed97a167756b62719327261deb7f983745daf3d1250928bedd,13
C24-V019-02,chart_22c4b4cfd4cbcb3b027a0908,By how many percentage points does the scooter's value exceed the mean of the car and taxi values?,1.5,,,22c4b4cfd4cbcb3b027a090838eb58f2023233e31ecfc1d4d3fbc9a238f95433,1
C24-V020-01,chart_c30e3fa0aefb1ba6fbd69c99,How many times the high-speed train's cruise speed is the hyperloop's cruise speed?,4,,,c30e3fa0aefb1ba6fbd69c99d49a49381184ed211f9e92e1871d93b566fe3bc9,10
E61-V021-03,chart_b18c55875151fbf07722c996,"How many hunting licenses are shown for the state where 3,513 bears were harvested?",147700,,,b18c55875151fbf07722c99622d74d3be7e885a4a7eae6118ebd87495688bdf2,54
R80-V021-01,chart_b18c55875151fbf07722c996,"What percentage of Maine's bear population was harvested, using the figures shown? Round to two decimal places.",11.34,,,b18c55875151fbf07722c99622d74d3be7e885a4a7eae6118ebd87495688bdf2,1
R80-V021-02,chart_b18c55875151fbf07722c996,How many hunting licenses per harvested bear are shown for Pennsylvania? Round to two decimal places.,42.04,,,b18c55875151fbf07722c99622d74d3be7e885a4a7eae6118ebd87495688bdf2,10
R80-V022-02,chart_bc8452697aa52f757c487929,Which adjacent pair of bar labels has the largest percentage-point increase from left to right?,"03, 04",,,bc8452697aa52f757c48792902d6ce9e5edd34664d2a45282a2e04cbc450fa6f,60
E61-V023-01,chart_a3da349406d1ffd6d045da36,What increase in funds received is shown for 2011?,R2.45M,,,a3da349406d1ffd6d045da3675c676eff4ef33f3a3202e9a8365e32e7e8ce9c2,60
E61-V023-02,chart_a3da349406d1ffd6d045da36,Which year has an increase of R7.34M in funds received?,2010,,,a3da349406d1ffd6d045da3675c676eff4ef33f3a3202e9a8365e32e7e8ce9c2,60
R80-V023-01,chart_a3da349406d1ffd6d045da36,"How much larger is the increase in funds received for 2010 than for 2011, in millions of rand?",4.89,,,a3da349406d1ffd6d045da3675c676eff4ef33f3a3202e9a8365e32e7e8ce9c2,10
V023,chart_a3da349406d1ffd6d045da36,What is the increase in funds received in 2010?,R7.34M,,,a3da349406d1ffd6d045da3675c676eff4ef33f3a3202e9a8365e32e7e8ce9c2,60
R80-V024-01,chart_9469aa1ee5396287a346778d,By how many percentage points does YouTube usage exceed LinkedIn usage among frequent fliers?,8.6,,,9469aa1ee5396287a346778ded392743b692b62fe19904212fb0dc087684abb2,10
E61-V025-02,chart_9b1afe2f622350c1070742f1,What profit per second is shown for the company with Fortune 500 rank 28?,$531.21,,,9b1afe2f622350c1070742f128b0c279e217c7a83b96314355e1a94bb9d4f50a,1
R80-V025-01,chart_9b1afe2f622350c1070742f1,"At the displayed rate, how much profit would the company with Fortune 500 rank 28 make in ten seconds, in dollars?",5312.10,,,9b1afe2f622350c1070742f128b0c279e217c7a83b96314355e1a94bb9d4f50a,1
R80-V025-02,chart_9b1afe2f622350c1070742f1,"How much greater is profit per second for Fortune 500 rank 28 than for rank 35, in dollars?",8.16,,,9b1afe2f622350c1070742f128b0c279e217c7a83b96314355e1a94bb9d4f50a,10
E61-V026-01,chart_f3228c8faa3c078be8644961,How many words are shown for Washington's first inaugural address?,1419,,,f3228c8faa3c078be8644961b488ab6a3c4ee08c41e01fded0eca8d7db83bef6,54
E61-V026-02,chart_f3228c8faa3c078be8644961,Which president's second-term inaugural address is labeled 133 words?,Washington,,,f3228c8faa3c078be8644961b488ab6a3c4ee08c41e01fded0eca8d7db83bef6,60
R80-V026-01,chart_f3228c8faa3c078be8644961,"How many more words does Taft's inaugural address contain than Washington's first inaugural address, using the chart's counts?",4007,,,f3228c8faa3c078be8644961b488ab6a3c4ee08c41e01fded0eca8d7db83bef6,10
R80-V026-02,chart_f3228c8faa3c078be8644961,"What is the combined word count of Washington's first- and second-term inaugural addresses, using the chart's counts?",1552,,,f3228c8faa3c078be8644961b488ab6a3c4ee08c41e01fded0eca8d7db83bef6,10
V026,chart_f3228c8faa3c078be8644961,How many words does Taft’s single-term inaugural address contain?,5426,,,f3228c8faa3c078be8644961b488ab6a3c4ee08c41e01fded0eca8d7db83bef6,54
E61-V027-02,chart_5e31649be073d3fb72de1fd4,Which state is labeled $119.56 per square foot?,West Virginia,,,5e31649be073d3fb72de1fd4b8918379bd54ce934b41f86c66f2652e14efd037,60
E61-V028-01,chart_5de3f08880030666e2bcb4d9,"What cost is shown for hosting the 2004 Athens Summer Olympics, in billions of dollars?",14,,,5de3f08880030666e2bcb4d97f06dbfb704ec1393413dfac0ac3ce3fac68ab2c,1
E61-V028-02,chart_5de3f08880030666e2bcb4d9,Which host city is associated with a cost of $14 billion?,Athens,,,5de3f08880030666e2bcb4d97f06dbfb704ec1393413dfac0ac3ce3fac68ab2c,60
E61-V028-03,chart_5de3f08880030666e2bcb4d9,Which host city has the third-highest hosting cost among those shown?,Barcelona,,,5de3f08880030666e2bcb4d97f06dbfb704ec1393413dfac0ac3ce3fac68ab2c,60
R80-V028-01,chart_5de3f08880030666e2bcb4d9,"What is the combined hosting cost of London 2012 and Athens 2004, in billions of dollars?",54,,,5de3f08880030666e2bcb4d97f06dbfb704ec1393413dfac0ac3ce3fac68ab2c,10
R80-V028-02,chart_5de3f08880030666e2bcb4d9,By how many billions of dollars does the Beijing-minus-London hosting-cost gap exceed the Barcelona-minus-Athens gap?,2,,,5de3f08880030666e2bcb4d97f06dbfb704ec1393413dfac0ac3ce3fac68ab2c,10
V028,chart_5de3f08880030666e2bcb4d9,What is the cost of hosting London's summer Olympics (in billions)?,$40,,,5de3f08880030666e2bcb4d97f06dbfb704ec1393413dfac0ac3ce3fac68ab2c,1
E61-V029-03,chart_5a297d3ab4e9b82cbb060726,What average interest rate is shown for the year with 50 ten-year fixed-rate mortgages available?,5.80%,,,5a297d3ab4e9b82cbb060726a03075bc75e893f9ad431a60b0f9f58a785dbdc3,1
E61-V030-01,chart_c7b2199d2cd0ed0cb4a6be6c,What Gini index is shown for Mexico?,72,,,c7b2199d2cd0ed0cb4a6be6cfea4fb248f0cd5ae2f3723da364fae38d61f0fd3,1
E61-V030-02,chart_c7b2199d2cd0ed0cb4a6be6c,Which country has a Gini index of 65?,Austria,,,c7b2199d2cd0ed0cb4a6be6cfea4fb248f0cd5ae2f3723da364fae38d61f0fd3,60
R80-V030-01,chart_c7b2199d2cd0ed0cb4a6be6c,By how many Gini-index points does India's value exceed Mexico's?,1,,,c7b2199d2cd0ed0cb4a6be6cfea4fb248f0cd5ae2f3723da364fae38d61f0fd3,10
R80-V030-02,chart_c7b2199d2cd0ed0cb4a6be6c,How many listed countries have a Gini index strictly above 70 and strictly below 75?,2,,,c7b2199d2cd0ed0cb4a6be6cfea4fb248f0cd5ae2f3723da364fae38d61f0fd3,54
R80-V031-01,chart_af3f1ea020ffc1f3b7c2cbf8,What is the combined Q2 2023 EV sales count of the countries with 18% and 26% EV market shares?,132827,,,af3f1ea020ffc1f3b7c2cbf8975d9f27f2820c98a4ddff911588c81399b07d59,10
R80-V031-02,chart_af3f1ea020ffc1f3b7c2cbf8,By how many percentage points does Germany's Q2 2023 EV market share exceed the UK's?,1,,,af3f1ea020ffc1f3b7c2cbf8975d9f27f2820c98a4ddff911588c81399b07d59,10
C24-V032-01,chart_c56e11282dca7624d223d82f,Treat change since 2022 as the 2024 score minus the 2022 score. What 2022 debt-burden score is implied for India?,0.5,,,c56e11282dca7624d223d82f99a2fde12ceefe253bd28e0555080e5f2d00796e,1
C-1520f17a30c74f468545df9fef511d84,chart_0beee470cb90e1906c982153,What is the nominal GDP of SOUTHEAST in 2025?,$6.846 T,,,0beee470cb90e1906c9821539227b88b8d2ea96416ceed72acd674440524db2c,1
C-813d5209875849b6919053ee8f2baeaa,chart_dcd8e0132dba83720d8b34df,How much more does a dozen eggs cost in ITA than in ARG?,$1.40,,,dcd8e0132dba83720d8b34df85470d01b89db5c55abf1832dae88c5cc24c2be5,1
C-b0bcd234c6c548fab76e37a256319e34,chart_dcd8e0132dba83720d8b34df,What is the price per dozen eggs in GBR?,$3.94,,,dcd8e0132dba83720d8b34df85470d01b89db5c55abf1832dae88c5cc24c2be5,1
R80-P002-01,chart_dcd8e0132dba83720d8b34df,"How much more would three dozen eggs cost in Italy than in Argentina, in U.S. dollars?",4.20,,,dcd8e0132dba83720d8b34df85470d01b89db5c55abf1832dae88c5cc24c2be5,10
R80-P002-02,chart_dcd8e0132dba83720d8b34df,"If Italy's price per dozen eggs rose by $1, how much cheaper would it still be than Denmark's displayed price, in U.S. dollars?",-$0.01,,,dcd8e0132dba83720d8b34df85470d01b89db5c55abf1832dae88c5cc24c2be5,10
C-54b28376cd3648c0af1cbe669a9e7d1a,chart_ebb5f42b562839d17cbcf180,When did the most significant event before 2020 occur?,Nov 1978 - Apr 1979,,,ebb5f42b562839d17cbcf180554c5a8d303fa38c5fdd15f1ad58bf7548a78060,60
C24-P004-02,chart_2dd90013e3382d8ecab12cbc,"Among strategic minor minerals, by how many percentage points does the largest price increase exceed the second-largest?",426,,,2dd90013e3382d8ecab12cbc4ae644c6554114ac4c192db6cf8763d300e7f412,10
C24-P006-02,chart_9f5ac5c8ed61bde88b6e9c39,"What is the mean IMF credit outstanding of the three largest borrowers shown, in billions of dollars? Round to two decimal places.",28.73,,,9f5ac5c8ed61bde88b6e9c39d918ccbc6a379153c121d6c0025cff4099449568,1
C-8adfe49e80db4eeeac7ea421a88d3712,chart_21685cba709994901f23327e,What is SAIC's rank?,19,,,21685cba709994901f23327e1d502bebfbfbc4717f62d6af1dc90b9b1b3bd2ef,1
C-8ee8b562ab564c1e98e99d441595e7ea,chart_21685cba709994901f23327e,What global market share does SAIC have?,1.61%,,,21685cba709994901f23327e1d502bebfbfbc4717f62d6af1dc90b9b1b3bd2ef,1
E61-P007-03,chart_21685cba709994901f23327e,What printed rank does BMW hold in Q1 2026?,13,,,21685cba709994901f23327e1d502bebfbfbc4717f62d6af1dc90b9b1b3bd2ef,1
R80-P007-01,chart_21685cba709994901f23327e,By how many percentage points does the global market share at printed rank 13 exceed the share at rank 14?,0.10,,,21685cba709994901f23327e1d502bebfbfbc4717f62d6af1dc90b9b1b3bd2ef,10
R80-P007-02,chart_21685cba709994901f23327e,By how many percentage points does the combined market share of SAIC and Tesla fall short of BYD's share?,0.01,,,21685cba709994901f23327e1d502bebfbfbc4717f62d6af1dc90b9b1b3bd2ef,10
C24-P008-02,chart_57a33b42beb715207a94f3d7,By how many trillions of dollars does the combined stock-market value at printed ranks 5 and 6 exceed the value at rank 3?,1.17,,,57a33b42beb715207a94f3d756b75fd8487635194c02b75f21eae0b8db738e57,10
R80-P009-02,chart_8fb0134844837da93820b8e3,How many kilotonnes greater is the sum of the capacities at printed ranks 8 and 9 than the capacity at rank 2?,110,,,8fb0134844837da93820b8e38433f8dd5e29b1e12e9bdbeb955816899554b683,10
E61-P010-03,chart_3c86f54bd3d6565d2b09ead1,"Which company ranks fourth by Q4 2024 copper production, from largest to smallest?",Zijin,,,3c86f54bd3d6565d2b09ead1e08f4020f65f9ff8070c0df1e0c5c5bd8a58530b,60
C-df4031ced4ed43459d3c05a1f82dd3b5,chart_9df8b57706bdbe6f6a567366,"Which three countries have only one item on the list, and what are their names?",Only two countries,,,9df8b57706bdbe6f6a567366dfe620360ecbe991cbd0f7267cc09600cfabbc7c,60
R80-P011-01,chart_9df8b57706bdbe6f6a567366,"What is the combined sales volume of the Japanese and Irish whiskies, in millions of nine-liter cases?",26.0,,,9df8b57706bdbe6f6a567366dfe620360ecbe991cbd0f7267cc09600cfabbc7c,10
C-7e2e9fd5ff2442ff8304ae5045d81c1b,chart_695193ad5ba127fd59ea43dd,How many times do Oceania countries appear in the chart?,6,,,695193ad5ba127fd59ea43ddf98c69c6d7fc45efca631c0b003775b30fea9225,10
C-3883de40020948efa6133e0e3e8a0492,chart_5862980720d07a2f212ede60,Who is 260millones?,Hindi,,,5862980720d07a2f212ede603971d1c2ab718725fe804498ca2b59620bfb5fea,60
R80-P013-01,chart_5862980720d07a2f212ede60,"How many more native speakers does Arabic have than Hindi, in millions?",7,,,5862980720d07a2f212ede603971d1c2ab718725fe804498ca2b59620bfb5fea,10
R80-P013-02,chart_5862980720d07a2f212ede60,"Among Hindi, Arabic, and Bengali, which language has more than 200 million native speakers and is spoken in fewer than ten countries?",Hindi,,,5862980720d07a2f212ede603971d1c2ab718725fe804498ca2b59620bfb5fea,60
C-a52e6c02be454b8b957a9537bae83274,chart_80a710ae0c36273ce582d602,Which species corresponds to the brown bar? What is the average?,"Work; 2,333 BCE",,,80a710ae0c36273ce582d602b66086e8f9faea2c05b8ca19dd6aec8474cc7e68,60
C24-P015-01,chart_77af00551ab05c14b0a9e56a,How many mph larger is the peregrine falcon's diving-minus-horizontal speed gap than the saker falcon's?,75,,,77af00551ab05c14b0a9e56aa1e56158a263c4ad16692ab10bbf088411ba5a5f,54
C-5bb138f9858a4adea140337c6aafe82b,chart_66a849d98f354a0eeb94cfa9,Which country has the longest dark red bar?,Storbritannien,,,66a849d98f354a0eeb94cfa91e23da7c2e1bb40601cc87e0c9c7ab84f601cb58,60
C-cb31ee51416944ae821fe003243b1370,chart_66a849d98f354a0eeb94cfa9,Which country has the second longest light red bar?,Sverige,,,66a849d98f354a0eeb94cfa91e23da7c2e1bb40601cc87e0c9c7ab84f601cb58,60
C-76560f528725435eae1b22a43b33d9db,chart_4372351122444a08513c68aa,What was the spend in 2011?,R6.2M,,,4372351122444a08513c68aad8b00cfd8cac03ab8363048a98fa8041db0371e6,60
C-9cc682345aa34454a49b5c800aef1cca,chart_4372351122444a08513c68aa,What was received in 2010?,R7.34M,,,4372351122444a08513c68aad8b00cfd8cac03ab8363048a98fa8041db0371e6,60
E61-P017-01,chart_4372351122444a08513c68aa,What increase in funds spent is shown for 2009?,R2.17M,,,4372351122444a08513c68aad8b00cfd8cac03ab8363048a98fa8041db0371e6,60
E61-P017-03,chart_4372351122444a08513c68aa,"For the year with R5.35M in funds received, what increase in funds spent is shown?",R3.65M,,,4372351122444a08513c68aad8b00cfd8cac03ab8363048a98fa8041db0371e6,60
R80-P017-01,chart_4372351122444a08513c68aa,"For 2012, how much does the increase in funds received exceed the increase in funds spent, in millions of rand?",1.70,,,4372351122444a08513c68aad8b00cfd8cac03ab8363048a98fa8041db0371e6,10
R80-P017-02,chart_4372351122444a08513c68aa,"How much larger is the increase in funds spent for 2012 than for 2009, in millions of rand?",1.48,,,4372351122444a08513c68aad8b00cfd8cac03ab8363048a98fa8041db0371e6,10
C-e929f5382a19488a944e6777693b904e,chart_06762c6839d2b585a15f8ce7,What percentage of total water is groundwater?,0.75%,,,06762c6839d2b585a15f8ce7b88cf0d3789a7b56d32bc28e6c70839618b6bc08,1
E61-P019-02,chart_715d91ff45b8e945d9a373e2,What percentage is shown at rank 3 in the past-ten-years list?,330%,,,715d91ff45b8e945d9a373e2d9332fb261fa1ae84d5840b9f4bfe1e52c761c61,1
E61-P019-03,chart_715d91ff45b8e945d9a373e2,What rank in the next-ten-years list does the country ranked second in the past-ten-years list hold?,3,,,715d91ff45b8e945d9a373e2d9332fb261fa1ae84d5840b9f4bfe1e52c761c61,1
R80-P019-01,chart_715d91ff45b8e945d9a373e2,By how many percentage points does the next-ten-years value at rank 2 exceed that at rank 3?,24,,,715d91ff45b8e945d9a373e2d9332fb261fa1ae84d5840b9f4bfe1e52c761c61,10
R80-P019-02,chart_715d91ff45b8e945d9a373e2,By how many percentage points does India's past-ten-years value exceed its next-ten-years value?,235,,,715d91ff45b8e945d9a373e2d9332fb261fa1ae84d5840b9f4bfe1e52c761c61,10
C-2fcb74413184466c912e62379a6c5cae,chart_82d61e1f1982c58a26f70947,Which bar is empty?,Bosnia,,,82d61e1f1982c58a26f7094748bd5145e071a67917456e5bf2349003311c0e17,60
R80-P020-01,chart_82d61e1f1982c58a26f70947,"Among Bosnia, Finland, and Monaco, how many have a visible filled bar for today's flood-risk exposure?",2,,,82d61e1f1982c58a26f7094748bd5145e071a67917456e5bf2349003311c0e17,1
E61-P021-01,chart_6490fd7397326fbf357cbb2a,"At approximately what time does dancing reach its highest participation, to the nearest hour?",22:00,,,6490fd7397326fbf357cbb2a39b3e4596107a23175cea7268854d5fdfd6bb0a9,60
R80-P021-01,chart_6490fd7397326fbf357cbb2a,Approximately how many hours after 18:00 does dancing reach its daily maximum participation? Round to the nearest hour.,4,,,6490fd7397326fbf357cbb2a39b3e4596107a23175cea7268854d5fdfd6bb0a9,10
C-9c9b1be2fc5f419ca5232c5b660afa63,chart_32af511317d4de6b4818bc5a,In which year did WA have lost beds?,08,,,32af511317d4de6b4818bc5a8c3d8188fda5b093dc9e72a08526f465a77072f6,60
E61-P022-03,chart_32af511317d4de6b4818bc5a,Which year has the greatest number of hospital beds lost in the annual bar chart?,2015,,,32af511317d4de6b4818bc5a8c3d8188fda5b093dc9e72a08526f465a77072f6,60
R80-P022-01,chart_32af511317d4de6b4818bc5a,How many years after the earliest year shown does the annual hospital-beds-lost chart reach its maximum?,10,,,32af511317d4de6b4818bc5a8c3d8188fda5b093dc9e72a08526f465a77072f6,10
E61-P023-01,chart_19d36b564bb50b3c3ec43086,What percentage of India's population is female in 2014?,48.5%,,,19d36b564bb50b3c3ec43086383fceb18feab777de519cca3741d096d7b9274d,1
E61-P023-02,chart_19d36b564bb50b3c3ec43086,Which country has a female life expectancy of 68 years in 2014?,India,,,19d36b564bb50b3c3ec43086383fceb18feab777de519cca3741d096d7b9274d,60
E61-P023-03,chart_19d36b564bb50b3c3ec43086,What female-population percentage is shown for the country whose life expectancy marker is highlighted in green?,51.4%,,,19d36b564bb50b3c3ec43086383fceb18feab777de519cca3741d096d7b9274d,1
R80-P023-01,chart_19d36b564bb50b3c3ec43086,"Using India's displayed female-population percentage, by how many percentage points does the remaining male share exceed the female share?",3.4,,,19d36b564bb50b3c3ec43086383fceb18feab777de519cca3741d096d7b9274d,10
R80-P023-02,chart_19d36b564bb50b3c3ec43086,By how many percentage points does Italy's female-population share exceed India's in 2014?,2.9,,,19d36b564bb50b3c3ec43086383fceb18feab777de519cca3741d096d7b9274d,10
E61-P024-02,chart_b943dabbf53751fbb23e8096,Which country has the largest vulnerability bubble?,Eritrea,,,b943dabbf53751fbb23e80964488133a82da292af27807290474a738d28fc068,60
C-25ad430e894d43b3a34a42535a43ca79,chart_061c7214efd351460fb33c9e,Which place is the second smallest Asian circle connected to Taiwan?,Cambodia,,,061c7214efd351460fb33c9eeb5a2187ac6db19a461a429e4626c679b66bb748,60
C-e86e653f9bff494eb2c8e3f789fd4612,chart_1e67db254b380f0385e7c2a4,What is the 4th flyby?,Mars 4,,,1e67db254b380f0385e7c2a4f9d0e9355f21118db387b3b00ae69e95e70a0fc1,60
C-ed08039a020b4dc499d0ed4fadf7d97c,chart_1e67db254b380f0385e7c2a4,What was the 5th to reach orbiter?,Viking 1,,,1e67db254b380f0385e7c2a4f9d0e9355f21118db387b3b00ae69e95e70a0fc1,60
C24-P027-01,chart_c85173ef225366cab898962e,How many years later is the year shown for Go than the year shown for Java?,14,,,c85173ef225366cab898962ee47a114dfb86432a670ac3512f8ad0d8dd72248c,10
E61-P028-01,chart_a63543407f3eea2065773c5a,Which source letter labels the group of four cylindrical tanks?,f,,,a63543407f3eea2065773c5a1a7084b3fa799ae6c8cb5030f92d3c47e0eec6d2,60
E61-P029-01,chart_9b7b3337b1a4e5f0c1f775b8,Which client-acquisition method is rated most effective by design agencies (Agence de design)?,Recommandations des clients,,,9b7b3337b1a4e5f0c1f775b8e63a94f25ab45ed8a018a6071cfd482b7c566c71,60
E61-P029-02,chart_9b7b3337b1a4e5f0c1f775b8,"Approximately what percentage of design agencies use a website (Site web) to obtain contracts, to the nearest ten percentage points?",70%,,,9b7b3337b1a4e5f0c1f775b8e63a94f25ab45ed8a018a6071cfd482b7c566c71,1
E61-P029-03,chart_9b7b3337b1a4e5f0c1f775b8,Which professional group rates telephone prospecting (Prospection téléphonique) as more effective?,Agence de design,,,9b7b3337b1a4e5f0c1f775b8e63a94f25ab45ed8a018a6071cfd482b7c566c71,60
R80-P029-01,chart_9b7b3337b1a4e5f0c1f775b8,"Round the website-use rate for design agencies to the nearest ten percentage points, then add ten percentage points. What percentage do you get?",80,,,9b7b3337b1a4e5f0c1f775b8e63a94f25ab45ed8a018a6071cfd482b7c566c71,1
R80-P029-02,chart_9b7b3337b1a4e5f0c1f775b8,"Among telephone prospecting, mailing, and client recommendations, for how many methods do design agencies give a higher effectiveness rating than independent designers?",3,,,9b7b3337b1a4e5f0c1f775b8e63a94f25ab45ed8a018a6071cfd482b7c566c71,1
H-CGP001-1,chart_7544ed8aa2ad981c9d621176,Which export category had the same percentage share as machinery had in Ukraine’s imports?,Food oils,,,7544ed8aa2ad981c9d62117612c4c13724ea0b7efab3f8d215ccd620dcc9d71c,60
H-CGP002-1,chart_9fde145e251b8560ff40d815,What is the combined estimated 2021 defense spending of the countries whose spending increased by 74% and 77% since 2014?,2.2,,,9fde145e251b8560ff40d8156dddab6da4385d1282f2540ccd8bf49b9c137bbe,10
H-CGP002-2,chart_9fde145e251b8560ff40d815,Which of the two countries with estimated 2021 defense spending of $0.8 billion had the larger percentage increase since 2014?,Slovenia,,,9fde145e251b8560ff40d8156dddab6da4385d1282f2540ccd8bf49b9c137bbe,60
H-CGP003-1,chart_c56e11282dca7624d223d82f,Which two countries had a debt burden score change of -1.2 since 2022?,"[""Singapore"", ""Russia""]",,https://www.pinterest.com/pin/700098704608262627,4823941e25cbb902a9fba7e4418da6a06ad5320027dee47edd735da39411776c,71
H-CGP003-2,chart_c56e11282dca7624d223d82f,How much higher was Australia's change since 2022 than France's?,0.5,,https://www.pinterest.com/pin/700098704608262627,4823941e25cbb902a9fba7e4418da6a06ad5320027dee47edd735da39411776c,10
H-CGP004-1,chart_0ab48fb9994bd135aed621b0,How much higher is Singapore's FSI score than Canada's?,584,,,0ab48fb9994bd135aed621b00719f666338c21b4300cf7dd38bd934dda13cff7,10
H-CGP006-1,chart_ec6e0f973aca0bcb56c8090f,Which Planning metric has the highest red-line percentage?,Weekly Iteration,,,ec6e0f973aca0bcb56c8090f066ef811c88453860d3b9588943a892019898138,60
H-CGP006-2,chart_ec6e0f973aca0bcb56c8090f,Which metric within Measurements has the lowest red-line percentage?,Predictive Measures,,,ec6e0f973aca0bcb56c8090f066ef811c88453860d3b9588943a892019898138,60
H-CGP007-2,chart_f5d72c55cc51618e1b363def,"How much higher was the daily average Air Quality Index on January 14 than on February 14, 2013?",153,,,f5d72c55cc51618e1b363def2349f05990c88d6efd332165685104680153693c,10
H-CGP008-1,chart_0c20f2466973b69391921c75,How much more lithium did the country with 6.8 million tonnes of reserves produce than Zimbabwe in 2022?,18200,,,0c20f2466973b69391921c7565799205154e939a9b30139ece2d1d2efaaef096,10
H-CGP009-2,chart_fbc0273d69a31d07e2d7b912,By how many percentage points did the UK's share of merchandise exports decrease from 1870 to 2022?,22.1,,,fbc0273d69a31d07e2d7b912827f50a71e99bd3f585298bcf5f3539d74d9d04a,10
H-CGP010-1,chart_bf6e93d8a8b611912772d1d9,"How much did Apple's Q1 market capitalization increase from 2012 to 2023, in billions of dollars?",2031,,,bf6e93d8a8b611912772d1d9739ffd7b7c9af1d74034f2592ffcf5f47ebfe183,10
H-CGP011-1,chart_685cc23bc0715e6a70e6c6f9,"For the generation with 17.1% choosing a high-yielding savings account or CDs, what is the Ethereum percentage in the virtual-currency breakdown?",18.2%,,,685cc23bc0715e6a70e6c6f93c6d2a3f712efbd5f0ca0caf58861f40327dd512,10
H-CGP012-2,chart_d504ee07b20f0f32f9c434ac,By how many million tonnes is copper consumption forecast to increase from 2020 to 2040?,15.6,,,d504ee07b20f0f32f9c434acfdd6c269acf707b5fb03c42f7cd4c4966262fd53,10
H-CGP013-1,chart_e1c2ff6d8b21228e2d1d5626,Which of the two Oceania cities had the higher HNWI population growth from 2012 to 2022?,Melbourne,,,e1c2ff6d8b21228e2d1d5626d20d788c8cb046c4dcf0e68d91d5ab10590f76e6,60
H-CGP014-1,chart_af33428097a1ea317a7848d3,In which income group do 96.45% of urban households in the southern region have a savings bank account?,"₹20,00,000–₹50,00,000",,,af33428097a1ea317a7848d30bd2bf9dc10b8031d6d8cfaeca8c5a50197f4dc4,60
H-CGP014-2,chart_af33428097a1ea317a7848d3,"How many percentage points higher is savings bank account ownership among eastern-region households earning ₹500,000–₹10,00,000 than among western-region households earning ₹150,000–₹300,000?",6.27,,,af33428097a1ea317a7848d30bd2bf9dc10b8031d6d8cfaeca8c5a50197f4dc4,10
H-CGP015-1,chart_d45d91833bc171772ea2f6b4,How much taller is Europe’s second-ranked building than the African building completed in the same year?,210.7,,,d45d91833bc171772ea2f6b4cbf578d91179ad329063ebd5a12c23c0149685f8,1
H-CGP016-2,chart_98d63f9e809606319cfb6fc9,How many wins did Martinez record in the season when his WHIP was 0.737?,18,,,98d63f9e809606319cfb6fc9ce0fe89864d87e37b482ac167479e466524f8f40,54
H-CGP017-1,chart_32af511317d4de6b4818bc5a,Which state's bed-loss total was closest to the number of beds lost in 2007?,Florida,,,c6430e00074a58e2f8a716598122c15efd321623606f292dd60d9ae6dbc95927,60
H-CGP017-2,chart_32af511317d4de6b4818bc5a,Which years had more beds lost than Tennessee's total?,"[""2015"", ""2020""]",,,c6430e00074a58e2f8a716598122c15efd321623606f292dd60d9ae6dbc95927,71
H-CGP018-2,chart_fe838562dc3734aac2083c58,"Among India, the UK, Japan, and Canada, which country has an exported CO₂ segment?",India,,,fe838562dc3734aac2083c5858e92dacc9e0e8745dcbec285b2de12ce9925102,60
H-CGP019-2,chart_695e95befe51cb3a0c116305,Which country has a total closest to the combined number of works covered by BY-SA and BY?,Norway,,,695e95befe51cb3a0c116305e1304b99d831b088e6401bf3ae233b53a5eef410,60
H-CGP020-1,chart_a13fb6bc7baf8d4dc9c2aab9,Which nonhuman hosts can influenza C infect?,"[""Dogs"", ""Pigs""]",,,a13fb6bc7baf8d4dc9c2aab9b76edbf2ae433be9b2a2e67fc83bae13b7a83f47,40
H-CGP021-2,chart_d89a9dad499c03761ee76df5,How much greater is investment expenditure on gas production than current expenditure on gas production?,310,,,d89a9dad499c03761ee76df52d4478c625bd82cf4fbee0c93df45555953f003d,1
H-CGP022-2,chart_402c2eff89df9db7bbfd59cc,How much travel time was recorded in the month with €557.72 in travel costs?,22 hours 3 minutes,,,402c2eff89df9db7bbfd59cc411e3176fe8cd5f984d51a8dd0c69ec0920cf4d2,60
H-CGP023-2,chart_679f2a611348f3eb2f31bee2,How many times as many teas contain ginger as contain peach?,2,,,679f2a611348f3eb2f31bee204d369255a94a705944f118f141c879225f51247,10
H-CGP024-1,chart_170a5bdd394f7dffdc7d75e1,Which type of billion-dollar disaster was most frequent in both 1985 and 2005?,Hurricane,,,170a5bdd394f7dffdc7d75e1b76a0d024053f9afb302ccb58f9bad604d8b6e46,60
H-CGP024-2,chart_170a5bdd394f7dffdc7d75e1,"Between 1991 and 1999 inclusive, which two years tied for the most billion-dollar severe storm events?","[""1992"", ""1998""]",,,170a5bdd394f7dffdc7d75e1b76a0d024053f9afb302ccb58f9bad604d8b6e46,71
H-CGP025-1,chart_2b040bd482cb70404f4e2915,How many minutes were spent walking on the day with a distance of 4.7 km?,76.8,,,2b040bd482cb70404f4e2915b91715ac1ca2a52ddd2fa53bd0682a90e56827df,1
H-CGP025-2,chart_2b040bd482cb70404f4e2915,How much farther was walked on the day with 135.6 minutes of walking than on the day with 150.6 minutes?,2.0,,,2b040bd482cb70404f4e2915b91715ac1ca2a52ddd2fa53bd0682a90e56827df,10
H-CGP026-1,chart_6ba8893fc050b7760e12bfb6,How many percentage points higher was Mexico's employment rate than Spain's in 2014?,4.4,,,6ba8893fc050b7760e12bfb6935041ce163bb5ff53440abe6fa2a99b2bd20799,10
H-CGP026-2,chart_6ba8893fc050b7760e12bfb6,What was the employment rate in the first quarter of 2018 for the country where 72.8% of unemployed people had been unemployed for more than 12 months in 2017?,54.0,,,6ba8893fc050b7760e12bfb6935041ce163bb5ff53440abe6fa2a99b2bd20799,10
H-CGP028-1,chart_c54424c4129b8019ef150595,"How many more samples are listed for Electronic, Dance than for World Music?",12,,,c54424c4129b8019ef150595b0f0a5f38e0ab5cda927920d12fcc712659537ec,10
H-CGP029-1,chart_cc92e49769337c26c42338bd,"According to the chart, which houses are associated with 'Tywin Killed on Toilet' and 'Joffrey Killed by Wine', respectively?","[""Lannister"", ""Baratheon""]",,,cc92e49769337c26c42338bdd9be734169ad0157a04f471eb4c83d6206b3fd27,71
H-CGP029-2,chart_cc92e49769337c26c42338bd,How many debut markers are shown for characters in the Other category?,3,,,cc92e49769337c26c42338bdd9be734169ad0157a04f471eb4c83d6206b3fd27,54
H-CGP030-1,chart_3b740370bf1d8399c40d8570,Which two months include SOCIAL MEDIA X 4?,"[""July"", ""December""]",,,3b740370bf1d8399c40d8570c30adce7bf1703a20bfff491be8f680a0a3c0d53,71
H-CGP030-2,chart_3b740370bf1d8399c40d8570,In which month are both TARGETTED EMAIL X 4 and BESPOKE PHOTOSHOOT scheduled?,November,,,3b740370bf1d8399c40d8570c30adce7bf1703a20bfff491be8f680a0a3c0d53,60
H-CGP031-1,chart_f218c3af23cca7b55a42dcd5,How many more deaths are listed for the named war lasting less than one year than for the named war lasting more than 32 years?,1485500,,,f218c3af23cca7b55a42dcd5000be5d6438a60456086f68884549e6febbd476c,10
H-CGP032-1,chart_d27de998d4a50df14c84e5d0,What is the order number for Torcicollo?,12,,,d27de998d4a50df14c84e5d01c0e19178b6dae17da93fe903359add1b3313653,1
H-CGP034-1,chart_f6c32dca6f5b0ec26a34540d,"Among the countries with fewer than 300 AI startups, which received the most private investment in 2013–2022?",India,,,f6c32dca6f5b0ec26a34540de7c10ddf784b47514f27dffa326b17b315c0d8ae,60
H-CGP035-2,chart_b7bef84757b3b5d0136c75ef,"Among Centennial, Cambridge, Lakewood, and San Diego, which city has the second-highest rate of dead zone complaints per million people?","Cambridge, MA",,,b7bef84757b3b5d0136c75ef2bbd76994f60ce33b29cceb21da7387700f76c88,60
H-CGP036-2,chart_86808c564330391bb043c853,Approximately how much greater was the post-GFC rebound than the post-pandemic rebound in annual CO₂ emissions?,0.1,,,86808c564330391bb043c8533dc494d6170c8cf31b469c310a6e37630b511741,10
H-CGP037-1,chart_917110ddd997e8ebe8c85674,How many more total flights did Wings Air have than Ural Airlines?,1.2K,,,917110ddd997e8ebe8c85674f8b93fc78df9a9c4753fe9e6f0aa60fa3d7575bd,10
H-CGP039-1,chart_a343e12bf17edfa1751dd5ff,Which CFO-priority statement has a 'Strongly agree' percentage equal to the percentage shown for strategic leadership among non-finance activities?,CFO actively supports an innovation culture,,,a343e12bf17edfa1751dd5fff3a1dc73727719b617ff9b2a3cb2bfcd6e689c04,60
H-CGP039-2,chart_a343e12bf17edfa1751dd5ff,"Among the non-finance activities with percentages below capital allocation but above technology trends, which has the lowest percentage?",Finance capabilities,,,a343e12bf17edfa1751dd5fff3a1dc73727719b617ff9b2a3cb2bfcd6e689c04,60
H-CGP040-1,chart_980832bc190947cbcf11a3ac,How many percentage points higher is the large-impact share in the department with 9% no impact than in the department with 4% no impact?,24,,,980832bc190947cbcf11a3acc534cdbe800f1fb2686430ace75b1ce1d7a47d64,10
H-CGP041-1,chart_5e2e0bb75fd64ca5a579e79a,"Which themes include Good Linkage To Transit and Sustainable Development, respectively?","[""Diverse Communities"", ""Ecological City""]",,,5e2e0bb75fd64ca5a579e79afc000e4a5483687a6a78bf1a8316b2bc69bfdd95,40
H-CGP041-2,chart_5e2e0bb75fd64ca5a579e79a,Which community theme includes both Respect for local culture and Lifestyle Centers?,Vibrant Old Town,,,5e2e0bb75fd64ca5a579e79afc000e4a5483687a6a78bf1a8316b2bc69bfdd95,60
H-CGP043-1,chart_4800be3629215f8d51fa6956,How many months longer is the maximum listed harvest time for CALABAZA than for ALBAHACA?,4,,,4800be3629215f8d51fa69562e10a3893457101fa651016bce8ed6dd37720cb5,54
H-CGP044-2,chart_d60d63a93b05227a1b5746fd,How much more does a physical US driver's license cost on average than a scanned New York driver's license?,80,,,d60d63a93b05227a1b5746fd83f6902e807d9769aacb78c7c6ffc6b5061ab68a,10
H-CGP045-1,chart_fda7ced6bef903b26f091bc6,"For the product group that 6% of respondents generally do not buy, what percentage frequently buy it organic?",29,,,fda7ced6bef903b26f091bc69b9120d42a8fe6b4ed31f7450e12d8e5b31f7677,1
H-CGP046-1,chart_f0a5367494f5dae0390bb607,How much higher are Israel's net wage earnings after taxes than those of the Czech Republic?,"$11,374",,,f0a5367494f5dae0390bb607b69fb2a2e4b8f13105e3f121b243d2bfb3690d47,10
H-CGP047-2,chart_af354935cabeb55eb2b4bf2c,"For the two categories with $9 billion in exports to the U.S., what is the difference in their exports excluding the U.S.?",$150 billion,,,af354935cabeb55eb2b4bf2c887e2c6f478e4650dd0a24c91a16faea9ce9b29b,10
H-CGP048-1,chart_7c89d030b0a341c6baffdaed,What was the value of U.S. steel imports from the supplier that provided $809 million in aluminum?,$799 million,,,7c89d030b0a341c6baffdaed9a2418126a01f15c8033bc90ac26223ac0571de8,1
H-CGP048-2,chart_7c89d030b0a341c6baffdaed,How much greater were U.S. steel imports from South Korea than aluminum imports from South Korea?,"$2,119 million",,,7c89d030b0a341c6baffdaed9a2418126a01f15c8033bc90ac26223ac0571de8,10
H-CGP049-1,chart_bf43e4dfa65683d3719a2660,"What are the assessments for Octopus for curiosity-like behavior and play vocalization, respectively?","[""Lean yes"", ""Likely no""]",,,bf43e4dfa65683d3719a2660ea454c15810e3abe3c54cb92a3566a8b503ae9be,71
H-CGP049-2,chart_bf43e4dfa65683d3719a2660,Which animal is rated 'Lean yes' for friendship-like behavior?,Carp,,,bf43e4dfa65683d3719a2660ea454c15810e3abe3c54cb92a3566a8b503ae9be,60
H-CGP050-1,chart_389d717e3a81072557e10b65,Which is the earliest year shown when all five South American countries had more than one mobile cellular subscription per person?,2010,,,389d717e3a81072557e10b654ad1a01150120a44733a6091b7ec7464c43f2908,60
H-CGP050-2,chart_389d717e3a81072557e10b65,Which European country had the most mobile cellular subscriptions per person in 2001?,Italy,,,389d717e3a81072557e10b654ad1a01150120a44733a6091b7ec7464c43f2908,60
H-CGP051-1,chart_9b7b3337b1a4e5f0c1f775b8,"For actions by design-promotion organizations, which group reports greater use to obtain contracts but lower effectiveness?",Agence de design,,,1121250872cfdc38976aa500d6044239ed48d6cdf4c64f8ec54bb78e3c7d007d,60
H-CGP051-2,chart_9b7b3337b1a4e5f0c1f775b8,"Among business clubs, CCI actions, and actions by design-promotion organizations, which channel is rated more effective by design agencies than by independent designers?",Club d'entreprises,,,1121250872cfdc38976aa500d6044239ed48d6cdf4c64f8ec54bb78e3c7d007d,60
H-CGP052-2,chart_a46f59b6868ce7ee0f0a9580,How much larger is Changchun's urban area population than Changzhou's?,790000,,,a46f59b6868ce7ee0f0a95801c60ef9a0d9262b46af28556b730705c5bd8e884,10
H-CGP053-2,chart_6836040c7dd0cb71673b059e,Which has lower total carbon emissions but higher per capita emissions: Canada or Australia?,Australia,,,6836040c7dd0cb71673b059ea5a0134496872e55a299ffb7aaac53794e6ef074,60
H-CGP054-2,chart_fd3be17ca6c829cb4c31e198,"Which has the smallest printed value among Slovenia, Serbia, Slovacchia, and Sierra Leone?",Slovenia,,,fd3be17ca6c829cb4c31e1982e11fe27af3f0e1bb31b3472f531860e948a3826,60
H-CGP055-1,chart_7b11f4ab087d612bf00379e0,Which industry in the lower charts belongs to the same sector as Tesco?,Media,,,7b11f4ab087d612bf00379e0946b03ee0acac8a40b48287b20dee8ed1ff96f60,60
H-CGP056-1,chart_2e9df12cd94980aa0ad79256,How much more funding did the highest-funded Auto Tech company receive than the highest-funded Business Intelligence & Analytics company?,112,,,2e9df12cd94980aa0ad7925681c763cc596dc7d76da323d48cfe98176d32eae5,10
H-CGP056-2,chart_2e9df12cd94980aa0ad79256,Which Core AI company received the most funding?,Sentient Tech.,,,2e9df12cd94980aa0ad7925681c763cc596dc7d76da323d48cfe98176d32eae5,60
H-CGP057-1,chart_62139757d0cf93cb5a1fd86b,What app type do Instagram and Viber share according to their icons?,SMS & Messaging,,,62139757d0cf93cb5a1fd86bad0286e26e75c7f1079b5955647c2ec01d8c7b7a,60
H-CGP057-2,chart_62139757d0cf93cb5a1fd86b,Which apps are classified as Payments?,"[""Snapcash"", ""Venmo""]",,,62139757d0cf93cb5a1fd86bad0286e26e75c7f1079b5955647c2ec01d8c7b7a,40
H-CGP058-1,chart_2c160e5684e66c50154cb596,Which two artists have 22 printed inside their bubbles?,"[""The Doors"", ""Frank Zappa""]",,,2c160e5684e66c50154cb5969213378ffd18071c384bf1a9e5a7cb2fee2c55d2,71
H-CGP058-2,chart_2c160e5684e66c50154cb596,How much larger is the number in The Beatles' bubble than the number in Elvis Presley's bubble?,70,,,2c160e5684e66c50154cb5969213378ffd18071c384bf1a9e5a7cb2fee2c55d2,10
H-CGP059-1,chart_6e85a855106ae7b921b51662,Which PD author has the largest bubble in the Politica category?,Pippo Civati,,,6e85a855106ae7b921b51662e7ffb22d4e9190788bfc916dac49b864e419afbe,60
H-CGP059-2,chart_6e85a855106ae7b921b51662,Which PD author has the largest bubble in the Narrativa category?,Massimo D'Alema,,,6e85a855106ae7b921b51662e7ffb22d4e9190788bfc916dac49b864e419afbe,60
H-CGP061-1,chart_a9ca17780e593bb67d5b9f16,How much deeper is the Japan earthquake labeled magnitude 8.16 than the Japan earthquake labeled magnitude 9.1?,-2,,,a9ca17780e593bb67d5b9f1628a9473140e65a7b65c3877e32db87420515aea0,10
H-CGP062-1,chart_53673dc9d1b4ec67269beacc,Which country has 88% of its 25–34-year-olds with at least an upper-secondary diploma and 16% of its 55–64-year-olds with a tertiary degree?,Austria,,,53673dc9d1b4ec67269beaccc7ceb4c99f1482f75ad82ac5d2d0d84368b133d6,60
H-CGP062-2,chart_53673dc9d1b4ec67269beacc,How much higher is annual spending per student in the United Kingdom than in Japan?,500,,,53673dc9d1b4ec67269beaccc7ceb4c99f1482f75ad82ac5d2d0d84368b133d6,10
H-CGP063-1,chart_fe659a4a73014f61715fdbb0,How many years separate the year linked to Lakenheath and Jean-François Millet's first mention?,2,,,fe659a4a73014f61715fdbb0da1c0e0e7019036d10916530616b9e0c88a76e92,54
H-CGP063-2,chart_fe659a4a73014f61715fdbb0,Which year is linked to both Isleworth and Welwyn?,1876,,,fe659a4a73014f61715fdbb0da1c0e0e7019036d10916530616b9e0c88a76e92,1
H-CGP064-1,chart_f0d6a63db2db549f952a540c,Which year is connected to both Hoogeveen and Nieuw Amsterdam (Netherlands)?,1883,,,f0d6a63db2db549f952a540ceb08bea70b10b7b2d9d4838d5abfca7aba4d2ba7,1
H-CGP065-1,chart_58471e47fb550e45fc2bad85,"Among 1985, 1990, 2005, and 2020, in which years did global equities outperform U.S. equities?","[""1985"", ""2005""]",,,58471e47fb550e45fc2bad85cb1009813acfde00371efcc5cab701d229837bb8,71
H-CGP066-1,chart_9a2374471d647c9d87f775e2,"What is the intangible asset value, in billions of dollars, of the company whose intangibles account for 83% of enterprise value?",300,,,9a2374471d647c9d87f775e2ba055c75edda4c00e6ee5e9bcf0389866f364aee,1
H-CGP066-2,chart_9a2374471d647c9d87f775e2,"How much greater is Alphabet's intangible asset value than Facebook's, in billions of dollars?",112,,,9a2374471d647c9d87f775e2ba055c75edda4c00e6ee5e9bcf0389866f364aee,10
H-CGP067-2,chart_6d8fa3dbc2bf0fce81e0c1ec,What is the illiteracy rate in the region where the anemia rate is 51.6%?,5.9,,,6d8fa3dbc2bf0fce81e0c1ecc3e98d04d632396d17cf30bd6a2219533dfea1e7,1
H-CGP068-1,chart_6a8c90f4ab52bf89979adc21,Which stimulus category has the largest INSEGURIDAD bubble in PUNTO 0?,CONOCIMIENTOS,,,6a8c90f4ab52bf89979adc21937ac30a423995c0543f54aa884b0104a13a5733,60
H-CGP068-2,chart_6a8c90f4ab52bf89979adc21,Which emotion does the innermost colored band show at age 12?,INSEGURIDAD,,,6a8c90f4ab52bf89979adc21937ac30a423995c0543f54aa884b0104a13a5733,60
H-CGP070-1,chart_84f4ad7873022098c61d63bd,Which primary cause of failed projects is reported at 38%?,Change in project objectives,,,84f4ad7873022098c61d63bd522b8405c27903c89bcb80751bcad193c861328b,60
H-CGP070-2,chart_84f4ad7873022098c61d63bd,How many percentage points higher is project success when project management culture is a high priority than the share of project management practitioners who believe their organisation fully understands the value of project management?,16,,,84f4ad7873022098c61d63bd522b8405c27903c89bcb80751bcad193c861328b,10
H-CGP071-2,chart_3e026beed04d87c2aab5cba8,"Among Latvia, Israel, and Burkina Faso, which has the most drinking fountains per 100,000 people?",Israel,,,3e026beed04d87c2aab5cba883b65b41f66890b38c24499e192723f185d9919b,60
H-CGP072-2,chart_2b3172235e97413a0c61e4d8,"Which country has an estimated gross national income per capita of 3,222 for females?",Morocco,,,343d39dca7f5d9b3412d37f8643ffc4394f7d3b5fbc6b24177ffb24c48843cb0,60
H-CGP073-1,chart_852f1411693e3976d594aecf,"How much less is Houston and Washington, D.C.'s combined cumulative Fortune 500 revenue than Dallas's?",$12.7 billion,,,852f1411693e3976d594aecf1806b9fa060b1b266edb566d6e60c74ddc0cff1c,10
H-CGP075-1,chart_a41b848ce23c6a3765939c3e,"What was Kobe Bryant's salary in the season when he scored 2,956 points?",19.5,,,a41b848ce23c6a3765939c3eaf8358b98c64be39d33c8398fe2ec014789a6b48,1
H-CGP075-2,chart_a41b848ce23c6a3765939c3e,"Among the seasons when Kobe Bryant played 82 games, which season had the fewest points?",2010–11,,,a41b848ce23c6a3765939c3eaf8358b98c64be39d33c8398fe2ec014789a6b48,60
H-CGP076-2,chart_8e7db73c7b8f7f6f4fc759c3,What is the combined percentage for businessmen and millionaires?,19%,,,8e7db73c7b8f7f6f4fc759c32edc79aea89068e2c25ac41aa2f624dbfcbe4251,10
H-CGP077-1,chart_6ccf6a9ffbd9e347eb852ba4,How many years separate the years linked to H. Koblet and E. Baldini?,8,,,6ccf6a9ffbd9e347eb852ba427a5d64c5be4418cfc7d1af38ea06910d1e7f3ac,10
H-CGP077-2,chart_6ccf6a9ffbd9e347eb852ba4,Which rider is linked to both 1956 and 1959?,C. Gaul,,,6ccf6a9ffbd9e347eb852ba427a5d64c5be4418cfc7d1af38ea06910d1e7f3ac,60
H-CGP078-2,chart_4b55d02becfb0ce7f6eae7c5,Which category accounts for 18% in the pie chart?,DATABASE,,,4b55d02becfb0ce7f6eae7c5802740523e56a0e0b6de69d3fd488079f281edf2,60
H-CGP079-1,chart_04015a6a3668fe6cfa278e07,Which weekly gaming-hours category has the same percentage as respondents who are single?,1-5,,,04015a6a3668fe6cfa278e0768f7bcddadeed67a96547d97646f99b944ceb38a,60
H-CGP080-2,chart_2272b6deb1e228dc79feece9,How many years separate the end of the period containing 'Elementary school' and the year marked 'Now' in Yulin?,11,,,2272b6deb1e228dc79feece9291b503e291a8be7334bd1680aa4ea5db237826e,10
H-CGP081-2,chart_e12a0d431e8aafe1db495fd9,"Which instruments in the Other family are more than 1,000 years old?","Pipe organ, Water organ / Hydraulis",,,e12a0d431e8aafe1db495fd9652392ff00fedeb854866a8114d9290b92a8a6c6,40
H-CGP082-1,chart_7750bd52ca4d309b6deb0dfa,"Which country has a jagged-edged mark rather than a smooth, rounded one: Estonia, Greece, Hungary, or Poland?",Poland,,,7750bd52ca4d309b6deb0dfa36deea835f772c76abbd7e965ff3e6139342c9ab,60
H-CGP083-2,chart_0478287562f8eea9f72591b6,How many more billion large microplastic pieces (1.01–4.75 mm) were in the Indian Ocean than in the South Pacific in 2013?,280,,,0478287562f8eea9f72591b66d0d8c6b37f48be94af5c2453d13ab09b4bb2c28,10
H-CGP084-2,chart_d606ee43bb3ba144181204c3,"Within the productivity bracket that accounted for 30.9% of working hours in 2019, which sector had the highest productivity CAGR for 2005–19?",Administrative and waste management services,,,d606ee43bb3ba144181204c346934df4c16e191b3db6646592a78af15c94499e,60
H-CGP085-2,chart_f15765a9f5538a91f4e7f94f,"Among 1995, 1996, 1997, and 1998, which year has the lowest printed Pop percentage?",1996,,,f15765a9f5538a91f4e7f94fe76f7aa7e646047c6d626015d8517a3633c8795d,60
H-CGP086-1,chart_f129b20c5421759b6a6ac28b,"How many kilometres of high-speed rail are in operation in the country whose total length is 1,357 km?",923,,,f129b20c5421759b6a6ac28b566e10877e008e3ba1f001304911d3a93f37ae70,10
H-CGP087-1,chart_8111f845dc4a681f64746883,Which two teams from Group D are predicted to reach the semifinals?,"[""Germany"", ""Serbia""]",,,8111f845dc4a681f64746883a48006ca795ba2249469df40052bc533369fa07b,71
H-CGP087-2,chart_8111f845dc4a681f64746883,How much larger is the predicted goal difference for Spain's round-of-16 match than for its semifinal?,0.46,,,8111f845dc4a681f64746883a48006ca795ba2249469df40052bc533369fa07b,10
H-CGP088-1,chart_f07311fb4e60d176bfe4163f,What genre is assigned to the DJ whose itinerary includes Calgary?,Trance,,,f07311fb4e60d176bfe4163f9b5f7bfac49c8c8b033ec582743a7caddd9a83d6,60
H-CGP088-2,chart_f07311fb4e60d176bfe4163f,How many ranking positions separate the DJ whose itinerary includes Daresbury and the DJ whose itinerary includes Thuringia?,2,,,f07311fb4e60d176bfe4163f9b5f7bfac49c8c8b033ec582743a7caddd9a83d6,10
H-CGP089-1,chart_be78e882616b499ce95e996e,How much more debt does the category with a 21.9% share have than the category with an 18.68% share?,"₹7,294 Cr",,,be78e882616b499ce95e996e616b32927abf06c006683dbfc2bfc796a7e49f28,60
H-CGP089-2,chart_be78e882616b499ce95e996e,Which category accounts for 13.42% of the total debt?,Transmission,,,be78e882616b499ce95e996e616b32927abf06c006683dbfc2bfc796a7e49f28,60
H-CGP090-1,chart_be7b3d128769b24c359cc93e,What is the estimated gross national income per capita for females in Morocco?,3222,,,be7b3d128769b24c359cc93ebae3059065efd29336897ba5d563ca0b2b9ed6b2,1
H-CGP090-2,chart_be7b3d128769b24c359cc93e,"Which country has an estimated male gross national income per capita of 1,314?",Burkina Faso,,,be7b3d128769b24c359cc93ebae3059065efd29336897ba5d563ca0b2b9ed6b2,60
H-CGP091-1,chart_30d962fd3771487b9f2f31ac,"Among the electronic products with printed release years of 1997 or 1998, which has the shortest plotted lifespan?",Windows 98,,,30d962fd3771487b9f2f31ac4ed0687109f02d3a941c30d13c6e0d1bc889fc5f,60
H-CGP091-2,chart_30d962fd3771487b9f2f31ac,How many years longer is the plotted shelf life of oat flakes than the lifespan of Casio Databank?,22,,,30d962fd3771487b9f2f31ac4ed0687109f02d3a941c30d13c6e0d1bc889fc5f,10
H-CGP092-1,chart_55257697e41f46732585f98c,"Among Business Value, Alignment, Quality, and Time to Market, which has the highest value on the red line?",Quality,,,55257697e41f46732585f98ccefa646ae23bd10d4c664e67d7b7909ad5ed4c90,60
H-CGP093-1,chart_b3bcbe0235f1a2705d26a7d7,"Which has the lower score, Roles & Expectations or Teacher & Coach?",Teacher & Coach,,,b3bcbe0235f1a2705d26a7d7ae79236bf88b83df4a18468470427f6b10eb0900,60
H-CGP093-2,chart_b3bcbe0235f1a2705d26a7d7,"Which has the highest score: Team Norms, Servant Leadership, or Tech Excellence?",Team Norms,,,b3bcbe0235f1a2705d26a7d7ae79236bf88b83df4a18468470427f6b10eb0900,60
H-CGP094-2,chart_715d91ff45b8e945d9a373e2,What percentage is shown for the next 10 years for the country that recorded 110% over the past 10 years?,50%,,,861f29add6b1377bb650baf31b64caf383552345c734e542369dd9320025653f,1
H-CGP095-2,chart_bb715b93e52c2c843d609fa5,"Which happened first: the publication of Neuromancer, the passage of the Computer Fraud and Abuse Act, or ARPANET being split up?",ARPANET being split up,,,bb715b93e52c2c843d609fa5c550b0ee2e8b6954ebb1a88f0d39e5bed54cd913,60
H-CGP096-1,chart_981f874ada2e1afb2a5af213,Which labeled profession had an income decrease greater than 10% but less than 30%?,FARMACISTI,,,981f874ada2e1afb2a5af21398410e1ebb5f6f6c76f73ecda4d8c775d0f7905e,60
H-CGP097-1,chart_e588de3792f891fdf3613905,Which wine category is paired with both roasted vegetables and rich fish?,Light Red,,,e588de3792f891fdf3613905f432949a4ede21d6750ad51470dbfd4733548715,60
H-CGP097-2,chart_e588de3792f891fdf3613905,Which two wine categories are paired with vegetables?,"[""Dry White"", ""Sparkling""]",,,e588de3792f891fdf3613905f432949a4ede21d6750ad51470dbfd4733548715,40
H-IR001-1,chart_2655f44591a46ee617690189,What is the average price of 1GB of mobile data in South Korea?,4.72,https://files.catbox.moe/gfhf0f.png,,2655f44591a46ee617690189e96951e031a97bc9f8b09bd85f9aedd64c09b35c,1
H-IR002-1,chart_8d8933bbc231702a96a88c1f,"How much higher is Volkswagen's annual revenue than Toyota's, in billions of dollars?",36,https://www.visualcapitalist.com/wp-content/uploads/2024/12/The-Worlds-50-Largest-Companies-by-Revenue_website_Dec23.jpg,,8d8933bbc231702a96a88c1f33d95d3d10a8702724b4d5b76bdbc94c93334dae,10
H-IR003-1,chart_8398f486210ada706063fd78,How much more did a $100 investment in the Financials company grow to than a $100 investment in the Real Estate company?,2016,https://www.visualcapitalist.com/wp-content/uploads/2019/12/Best-Performing-Stocks.jpg,,8398f486210ada706063fd7898d18524e0056114247e593d04d8c9ee477b7bf5,10
H-IR004-1,chart_9692df1b2ed6667dabeee33a,"Which country has the larger gap between men's and women's daily leisure time, Portugal or Italy?",Portugal,https://files.catbox.moe/ip0ybf.png,,9692df1b2ed6667dabeee33a022ae39cfba6ec8d910cd549250f4ec88e81e199,60
H-IR005-1,chart_5944bd68242daf4780b7a708,"Which region has a somewhat-agree percentage equal to Europe's strongly-agree percentage, but a lower strongly-agree percentage than Europe?",North America,https://cdn.statcdn.com/Infographic/images/normal/2991.jpeg,,5944bd68242daf4780b7a708963e89adaf3a103ea1053ae247566b41b2c4be44,60
H-IR006-1,chart_69e884573ec2c2fb198011d6,Which two states each have a 2022 real GDP of $165 billion?,"Kansas, Nevada",https://www.visualcapitalist.com/wp-content/uploads/2023/07/Americas_20Trillion_Economy-1.jpg,,69e884573ec2c2fb198011d6cbfbf19767e3d8ff7b4e0babb0db397a6ed56eaf,71
H-IR007-1,chart_61395d48e9ed0803a8cc0e88,"How much higher was women's median annual income in mining, oil and gas than in public administration?",15300,https://cdn.howmuch.net/articles/cover-c198.jpg,,61395d48e9ed0803a8cc0e888ddbef3b9150a6ba91506a78181ec068d755b54b,10
H-IR008-1,chart_642acdd6f2e18c92c230278a,Which country's share unable to afford unexpected expenses was 0.4 percentage points below the EU average in 2018?,Bulgaria,https://files.catbox.moe/o5c04v.png,,642acdd6f2e18c92c230278a195ebcb172e894409b16ff42114cf120a5be229e,60
H-IR009-1,chart_fa2bbc428fd5635d98f3dece,"Among CHINA, RU, and E. GER, which country has the shortest darkest-shaded bar?",RU,https://files.catbox.moe/yze3f2.png,,fa2bbc428fd5635d98f3dece08eeb59f69bd191d1693ee4d82c34f596b1deb3d,60
H-IR010-1,chart_4c60a7cc37edf0375bdd6e23,"For children aged 16 to 18, how much higher is the value for school provided real-time interactive online learning than for digital online learning resources that you have found?",20,https://www.raconteur.net/wp-content/uploads/2020/09/DL_dash_1200-1.jpg,,4c60a7cc37edf0375bdd6e2314327b3cfde1ce4e7adb12856b3ddf5dca0a08f2,1
H-IR011-1,chart_1d466ce8382af8a839b95ea6,Which company has a displayed market capitalization of $656 billion?,Berkshire Hathaway,https://www.visualcapitalist.com/wp-content/uploads/2021/10/trillion-club_Oct25_2021.jpg,,1d466ce8382af8a839b95ea6a34797b2e45d9682cfc70b46060115df82394b66,60
H-IR012-1,chart_bc7919bac4150bd0f153c82f,How many times as large as Italy’s projected consumer class decline is Japan’s projected decline by 2030?,7.5,https://www.visualcapitalist.com/wp-content/uploads/2024/01/ShrinkingConsumerClass_Site-e1706296546289.jpg,,bc7919bac4150bd0f153c82f4b59f5f3f5c691a87581c5028f36279636444b3a,10
H-IR013-1,chart_c44db355c3694bbd6653ff80,"Which brands have reputation scores of 78.8 and 70.6, respectively?","[""LG"", ""JCPenney""]",https://www.visualcapitalist.com/wp-content/uploads/2023/07/Brand-Reputation-Ranking-2023_Main.jpg,,c44db355c3694bbd6653ff80402e766c6e1c02de8847c2147a2b4591095ead51,71
H-IR014-1,chart_e6382700e2784b4fe727755b,By how many percentage points does Solutions exceed Analysis?,13,https://i.pinimg.com/736x/0d/bf/1c/0dbf1c96e8823323c7e2426716e5f09b.jpg,,e6382700e2784b4fe727755b8ab20a0849a3b999f29e0c7238a3c8746112b73d,10
H-IR015-1,chart_8fcc465f8ddab37c7643ee1c,"Which city has a 2021 UBS index score of 1.59, and is its change versus 2020 marked as up or down?",Paris; up,https://i.pinimg.com/736x/16/58/08/1658080594bce7f5effc576b056fd802.jpg,,8fcc465f8ddab37c7643ee1c19900e4a5ecd8a4c7eb66081bd077bace18f9710,60
H-IR017-1,chart_9073bb28e1cb796d55bd333b,How many percentage points higher is participation in volcanoes than in boats / jet ski?,10,https://i.pinimg.com/736x/c8/16/8a/c8168ac9277da64490514ca90a047ef0.jpg,,9073bb28e1cb796d55bd333b87113891dfcecfaf778d7a5773600c431dd27e25,10
H-IR018-1,chart_3ed9283a9a7c84f6b7066ce0,How much higher is the average extra fee charged by specialists in Auvergne than in Pays de la Loire?,1,https://i.pinimg.com/736x/2b/5e/aa/2b5eaae0c26b0f9041c7b2f69c19d1f8--radar-chart-chart-design.jpg,,3ed9283a9a7c84f6b7066ce00e99e6324ac0f60977d75d51f62cb2456a5d59c5,10
H-IR019-1,chart_b438f9d075b12f77337e109f,"How much larger, in square miles, is the land area of the country with 79% crop land than that of the country with 81% crop land?",170000,https://www.visualcapitalist.com/wp-content/uploads/2025/02/Largest-Countries_WEB.jpg,,b438f9d075b12f77337e109fee621c2412170e27efb50c3830171d133dde0fb1,10
H-IR020-1,chart_d14c7d0939727b4351c3056e,How many percentage points higher is Japan’s global equity market share than its projected 2024 earnings growth?,0.4,https://www.visualcapitalist.com/wp-content/uploads/2023/09/AC_The-109T-Global-Stock-Market-in-2023_Sept25.jpeg,,d14c7d0939727b4351c3056e6e16d2d44f9ce0e77421f07cdeebfe3429fc1241,10
H-IR021-1,chart_85269ea40de6fded36db6ad6,"Using the values printed beside the bars, how many percentage points higher is China's youth unemployment rate than Australia's?",13.5,https://www.visualcapitalist.com/wp-content/uploads/2023/08/OC_YouthUnemploymentRates.jpg,,85269ea40de6fded36db6ad6af20f748e891e1e28853dba2404dcd177723c0e4,10
H-IR022-1,chart_a4f4b69f979f45660c4fa5f7,How many more available workers per 100 job openings does Delaware have than Massachusetts?,28,https://www.visualcapitalist.com/wp-content/uploads/2023/08/best-worst-states-jobs-usa.jpg,,a4f4b69f979f45660c4fa5f7fd2368acf782442db92d81a42bc6a1f0b02374c9,10
H-IR024-1,chart_58e2760f7054618c86d3bba3,Which providers each have a market share exactly half of Alibaba Cloud's?,"[""Salesforce"", ""Tencent Cloud""]",https://i.pinimg.com/736x/55/90/c8/5590c81f2e391f69238d5cd5da3e5f7c.jpg,,58e2760f7054618c86d3bba37de6988d546524039bc69c9ab70a6a6be0ff8de0,71
H-IR025-1,chart_2036c288ffe562997c92adb3,How many percentage points larger is Australia's share of world debt than Singapore's?,0.04,https://www.visualcapitalist.com/wp-content/uploads/2023/12/global-debt-by-government-97-trillion.jpg,,2036c288ffe562997c92adb334ad98a43fa5b646f46abefb957e3f8de60d57fc,10
H-IR026-1,chart_6930acb5aae4f411c384e10f,By how many cases did malaria decline between the earliest and latest years shown?,90712,https://avatars.mds.yandex.net/i?id=14a9675e8eeb08a71eee93bebc214706cdc915d5-4914317-images-thumbs&n=13&w=296&h=180,,6930acb5aae4f411c384e10fc6eb65a5719064a9c62965e64d8928f1fe5aa72a,10
H-IR029-1,chart_9d255c511d65522eed314cf0,How many percentage points higher is Personal Factors than Cultural Factors?,20,https://i.pinimg.com/736x/0b/c9/54/0bc954a817ea97600fd956ed63a9cca1.jpg,,9d255c511d65522eed314cf0d33bcf3ef6d384b5adaa40cfe8eec50e7a0c25fa,10
H-IR031-1,chart_466e2fc6fcfcdd94c5405145,"How much larger is Argentina's PPP-adjusted GDP than South Africa's, in billions of international dollars?",406,https://i.pinimg.com/736x/b9/cc/a4/b9cca4d3a968cc439e61d3cc9c99e302.jpg,,466e2fc6fcfcdd94c540514516189d5638a30e88f67c04b585c2cd43e16be980,10
H-IR032-1,chart_6769d7fe9df9e4ee769194b0,"How much larger is the budget allocation for the heading containing Space than for the heading containing Crisis Response, in billion euros?",159.9,https://i.pinimg.com/736x/10/ce/9e/10ce9e9ca3695d9d8a0d5a8494fbe497.jpg,,6769d7fe9df9e4ee769194b0ad0bbb560b9660db91924b9b673618dcfe8d7874,10
H-IR033-1,chart_159ebc59d5b0ef766ebba3ed,Which state is ranked seventh among the best states for retirement?,Massachusetts,https://i.pinimg.com/originals/dd/90/98/dd9098727edc6c6281107003a3b3ab0b.png,,159ebc59d5b0ef766ebba3ed7bc68bee7446823a8b0399ae98ce6aa50da1a4ae,60
H-IR034-1,chart_0dac3ff166ebfb66c1039271,How many percentage points more does Advertising & Communications receive than Public Relations?,5.5,https://i.pinimg.com/736x/02/94/24/02942468d075bfbdcbe2ca22c0433764.jpg,,0dac3ff166ebfb66c1039271c4e2fff53d6be32fbb76b6b08e610df4fb01f012,10
H-IR035-1,chart_660e533fdfce2e8d84698b29,Which country grouped under Rest of World has the same emissions share as Mexico?,Australia,https://www.visualcapitalist.com/wp-content/uploads/2023/10/All-the-Worlds-Carbon-Emissions.jpg,,660e533fdfce2e8d84698b2931ab8cdeb87e1abf5b18b930d0cee78f0e3220c3,60
H-IR037-1,chart_f4dadea9ffc9ae5be46abf73,Which two named countries had the same share of global manufacturing value added in 2000?,"UK, France",https://www.visualcapitalist.com/wp-content/uploads/2024/12/ChinasDominanceoverManufacturing_shareable-590x354.jpg,,f4dadea9ffc9ae5be46abf73998fb3dcc2e3663f5bd72c27f48d53c72bc59862,71
H-IR038-1,chart_0edfcda42ec59c1a71508fb7,"How much larger is the projected GDP of 'Other' in Developed Markets than 'Other' in Central & Eastern Europe, Middle East, & Africa?",3.7,https://www.visualcapitalist.com/wp-content/uploads/2023/08/The-Global-Economy-in-2050_Infographic.jpg,,0edfcda42ec59c1a71508fb78be4a98759d6fe639576aa9e655a6271b5bf5920,10
H-IR040-1,chart_4491963e0b71e3e75bae549b,Which birthday shows the largest increase from “When you were born” to “Now”?,70th,https://i.pinimg.com/736x/73/4a/64/734a64e5d12c2e051c0d6912293583cf.jpg,,4491963e0b71e3e75bae549b7ea874eb4eab289789a8e04b0e90e98e6678155d,60
H-IR041-1,chart_d0d106ce6115984107249a02,How many billionaires do Israel and Sweden have combined?,54,https://i.pinimg.com/736x/0b/1a/ad/0b1aad82b61521dbcbed8d903a68ad65.jpg,,d0d106ce6115984107249a02c71d4cfe93042ca575a8db3441afe08b8651249d,10
H-IR042-1,chart_87c3bda13051d9d4803d1a10,"Among Connecticut, Massachusetts, and New Jersey, which state has the second-highest value for its largest export?",New Jersey,https://www.visualcapitalist.com/wp-content/uploads/2018/04/biggest-export-each-state.png,,87c3bda13051d9d4803d1a102387a8c0c1b8cbce209e5503a0aefeaae6ed7696,60
H-IR043-1,chart_3b237b99a9e0f265a130041e,In which state is Beebe Medical Center the largest private employer?,Delaware,https://i.redd.it/cjj6citf5l381.jpg,,3b237b99a9e0f265a130041eb8e16a0872a7c0cc86357693a8875ebba92bc2b8,60
H-IR044-1,chart_949ac6a9baf95d4cc8a2a410,What percentage of EU crude oil imports comes from the country that supplies 17.7% of its solid fuel imports?,5.3,https://www.visualcapitalist.com/wp-content/uploads/2022/03/EU-Energy-Depdency_Infographic.jpg,,949ac6a9baf95d4cc8a2a410091386df158d615730dd494876ac55aa4d8e5197,1
H-IR045-1,chart_24dabdeb8e09ed16ca17fe48,How many points higher is Hawaii's average English literacy score than Maryland's?,2.2,https://www.visualcapitalist.com/wp-content/uploads/2025/01/literacy-by-us-state.jpg,,24dabdeb8e09ed16ca17fe4840b44f660dec7d653422f549bf55208978638d09,10
H-IR047-1,chart_f276ac5ee4a12a65d0faf2d5,How much higher was the hourly labour cost in Denmark than in the United Kingdom in 2013?,17.5,https://i.pinimg.com/736x/37/8d/a9/378da98bb3bbe7a301dec835244e06a3.jpg,,f276ac5ee4a12a65d0faf2d5a9c57c4c7815ad1e9503f8e1a7d8ae18e97b3b19,10
H-IR049-1,chart_fe37c7ca93493cde4319b90b,What is the difference in YTD price change between the two stocks with 72% short interest?,9,https://www.visualcapitalist.com/wp-content/uploads/2021/02/Most-Shorted-Stocks.jpg,,fe37c7ca93493cde4319b90bd2f730dc6879507d4ab5ba4a548caf43841d3027,10
H-IR051-1,chart_49677e389b1e530ea1e5a596,By how many percentage points does the combined market share of Aditya Birla Health and Care exceed United India's?,0.1,https://i.pinimg.com/originals/83/85/75/8385758b2070b08f732f8ceac4280ce9.jpg,,49677e389b1e530ea1e5a596b2933fb6a566bfb280331dedaf4d1670b37fc447,10
H-IR052-1,chart_80c042b1c8cd2cf0d6c83150,What was the combined dollar value of buybacks for the two companies whose buybacks each equaled 0.6% of market cap?,37,https://www.visualcapitalist.com/wp-content/uploads/2024/06/Magnificent_Seven_Stock-Buybacks_MAIN.jpg,,80c042b1c8cd2cf0d6c83150030c30a28a8225518f2496f55492bd7c76912cfb,10
H-IR053-1,chart_767faa574cd6d20a3a5474ad,"How much more was wagered in Maryland than in New Hampshire, in millions of dollars?",89,https://www.visualcapitalist.com/wp-content/uploads/2023/03/Roundhill-Sports-Betting-by-State-Main.jpg,,767faa574cd6d20a3a5474ad3cd3b866f0b35b0057c01492f4eae077fcbaa429,1
H-IR054-1,chart_f07642183ff1314a8be2084a,How much higher is Connecticut's hourly minimum wage than Colorado's?,1.27,https://www.visualcapitalist.com/wp-content/uploads/2024/10/VORO_StatesMinWage_web.jpg,,f07642183ff1314a8be2084a4cd6a1395c048afac653e6d1bd88d5c0d53ca751,10
H-IR056-1,chart_1d91e307c7a698fb29eece6e,How many percentage points more is assigned to the category containing Sleep patterns than to the category containing Body function?,14,https://i.pinimg.com/736x/43/07/53/4307535b4cab7354ba741bc4c08a714a.jpg,,1d91e307c7a698fb29eece6ee431bb073fbb77e8e199b5d3238d07837c0db7b1,10
H-IR057-1,chart_53107b6de6d7fd86e6368c20,How many million more doses did Switzerland purchase than Peru?,0.6,https://www.visualcapitalist.com/wp-content/uploads/2020/12/covid-19-vaccines-voronoi.jpg,,53107b6de6d7fd86e6368c209f402a17407b6b13cb2898ec0020bc811e779283,10
H-IR058-1,chart_7e2ca8b1ea0b971ff81381da,"Among future of mobility, advanced connectivity, and Applied AI, which received the most investment in 2018?",Advanced connectivity,https://files.catbox.moe/zgcnq6.png,,7e2ca8b1ea0b971ff81381dae62cbf728932464fb9a01df5bf4b085015489c68,60
H-IR059-1,chart_382d3f3e13e2eb5ec4ab6c5e,"How much greater was Shenzhen's container throughput than Qingdao's in 2023, in million TEU?",0.5,https://www.visualcapitalist.com/wp-content/uploads/2024/07/Busiest_Ports_in_the_World_SITE.jpg,,382d3f3e13e2eb5ec4ab6c5ea63c52a48141ded53463ad29493612626965d510,10
H-IR060-1,chart_4af7c878d6b988251ba4a019,How many more data centers does Mexico have than Italy?,2,https://www.visualcapitalist.com/wp-content/uploads/2025/01/Data-Centers-by-Country_web_revised.jpg,,4af7c878d6b988251ba4a019cfa13eb4fd699e5de265848812d8d034ff316fa0,10
H-IR061-1,chart_cf1ae9fd3661a53934e16709,Approximately how much had cellphone service prices changed by 2010 compared with January 2000?,-20,https://www.visualcapitalist.com/wp-content/uploads/2023/02/price-changes-goods-services.jpg,,cf1ae9fd3661a53934e16709c0df265d3c7b87d8308f4eabfffba44123ce7c02,1
H-IR062-1,chart_6c647858c90a76e8187c0dbe,Which region had a 1% share of deal value in both 1997 and 2023?,Latin America,https://www.voronoiapp.com/_next/image?url=https%3A%2F%2Fcdn.voronoiapp.com%2Fpublic%2Fimages%2Fad32ef35-c12b-476c-aacb-b9c2f73f2521.webp&w=3840&q=85,,6c647858c90a76e8187c0dbea8d47f8d60dfa1c764169bb9cfbd4468f6b3add8,60
H-IR063-1,chart_6d503da457df34fa1c24e894,What percentage of people in South Africa say religion is very important in their lives?,67,https://i.pinimg.com/736x/bc/01/65/bc0165cbf6674a84c3144a73622c6559.jpg,,6d503da457df34fa1c24e894b0d240c7a89de936ad2e2f26d2760c12db2e2416,1
H-IR064-1,chart_f22e7bdca7c81f3cdd2eaf4f,What is the English translation of Massachusetts's state motto?,"By the sword we seek peace, but peace only under liberty.",https://files.catbox.moe/lh5y8u.png,,f22e7bdca7c81f3cdd2eaf4f52634072ee38a6e0b50c04c34f0ccb6782addc2e,60
H-IR065-1,chart_c26e2750c325a46ffb127e64,How much higher is Massachusetts's adjusted median income than California's?,4,https://www.visualcapitalist.com/wp-content/uploads/2024/06/Median-Income-by-State_Site.jpg,,c26e2750c325a46ffb127e643be20584cc9bdce41383a60b3f2228555159a5cc,10
H-IR066-1,chart_f1e4014c1deccc681376f7d4,What percentage of persons employed worked in enterprises with fewer than 50 employees?,49.7,https://cdn.statcdn.com/Infographic/images/normal/20116.jpeg,,f1e4014c1deccc681376f7d40df91335885271169f8f5e94f986077c937079ac,10
H-IR067-1,chart_bd34eb2edea55cf5404bb9e7,How many operating reactors did India and Canada have combined?,41,https://i.pinimg.com/736x/ee/5f/e2/ee5fe2ee475065e1820ab40920c78382.jpg,,bd34eb2edea55cf5404bb9e7930794559bc6eff9003505cc525c232e31307ebd,10
H-IR068-1,chart_9117d351388a3b2779af18ea,"Among the Technology billionaires worth less than Rob Walton, who has the highest net worth?",Bill Gates,https://www.voronoiapp.com/_next/image?url=https%3A%2F%2Fcdn.voronoiapp.com%2Fpublic%2Fimages%2F666c1ea6-ef21-4018-9a55-3a39298d8742.webp&w=3840&q=85,,9117d351388a3b2779af18eae88aa925489f483488380e54c34aed3186b3d679,60
H-IR069-1,chart_86027b10b5861784eacdc67f,Which two measures had 27% of respondents saying they were not sure?,"[""Holding diplomatic relations with Russia"", ""Sending US troops to Ukraine""]",https://cdn.statcdn.com/Infographic/images/normal/3221.jpeg,,86027b10b5861784eacdc67f84bd27d5341ee035a0d639cf217936084070941b,40
H-IR070-1,chart_7bd3970f099ce2ff38d0e448,Which category had a market share greater than press and radio combined but less than Internet?,Наружная реклама,https://storage.yandexcloud.net/incrussia-prod/wp-content/uploads/2017/03/d5cb50429a20be29f84835300f256ee6.png,,7bd3970f099ce2ff38d0e4483a3eb3d8337ed7cb386d64a1bf2efbc241d7883e,60
H-IR071-1,chart_59516ed6a80ba340f2d64594,"Which has the lower crypto taxation category, Thailand or Vietnam, and what rate range does that category represent?","Vietnam, 1%-19%",https://files.catbox.moe/sbamwt.png,,59516ed6a80ba340f2d64594963c3cb4b8653d7e407ec323efa6a0e12fabd484,60
H-IR072-1,chart_29076642220fcad08a284f60,What market share did the service with more subscribers than Amazon Music but fewer than Apple Music have?,13.4,https://files.catbox.moe/zx35o0.png,,29076642220fcad08a284f602c0751abb19cb3dc773b6807083858adea1288a7,10
H-IR073-1,chart_ff7458317de83084949389cd,"Which reported solar-price series has the highest price per kWh in 2015, excluding the forecasts?",Global (BNEF),https://elements.visualcapitalist.com/wp-content/uploads/2021/06/solar-energy-costs-wrights-law.png,,ff7458317de83084949389cd10fdbfbbdc0770f3c1611970f76b3bc2b068e02a,60
H-IR074-1,chart_7c3c1f2956fd42f5e0ab0e34,"By how many percentage points does iPhone's revenue share exceed the combined shares of Services and Wearables, Home & Accessories?",15,https://i.pinimg.com/736x/16/90/b0/1690b011c36545cead58a8d0c1b5c22d.jpg,,7c3c1f2956fd42f5e0ab0e3489089515e507ed01358a2369fa6bd063ac54b695,10
H-IR075-1,chart_3a8d57e727e28fe1346b910c,Which option is 12 percentage points higher than Option A?,OPTION D,https://i.pinimg.com/736x/b0/ba/bd/b0babde76b03af19577cfdb87565c231.jpg,,3a8d57e727e28fe1346b910c06588ae6690b13ce1b1018a6a88ba2b79ab107b2,60
H-IR076-1,chart_44da7992f080bdef54af2e10,How many points higher is New Hampshire's score than Vermont's?,3,https://www.visualcapitalist.com/wp-content/uploads/2025/01/Familieswithbar.jpg,,44da7992f080bdef54af2e104963bcf893033bcd23a4522c6178f2de28642f22,10
H-IR077-1,chart_c2e0eb09644d25ffcd9f432a,"Which year had the higher extreme poverty rate, 2011 or 2019?",2019,https://static.poder360.com.br/2022/11/extrema-pobreza-banco-mundial-6-nov-2022-01-768x947.png,,c2e0eb09644d25ffcd9f432aedce33ff452571636a9617233e15a5a82e11fe6b,60
H-IR078-1,chart_5aad33e0f8a1f2abade4d889,Which main category includes both air quality regulation and moderation of extreme events?,Regulating,,,5aad33e0f8a1f2abade4d8894ca9890bfdd9ffe671a9c4479716f29e2de6ee6b,60
H-IR079-1,chart_2a17f9345d2d8bf255ba9145,Which lender accounts for 0.9% of Canada's residential mortgage balances?,ATB Financial,https://i.pinimg.com/736x/f3/89/42/f38942f3f04a4c972c999498ba492d02.jpg,,2a17f9345d2d8bf255ba91453d9254c32bc764beadf74e0dc2e1f7135d594edd,60
H-IR080-1,chart_8f6752f0edf629d9ad908c4c,"What is the combined projected percentage for the U.S., Japan, Germany, and S. Korea in 2030?",22,https://www.visualcapitalist.com/wp-content/uploads/2024/12/ChinasDominanceoverManufacturing_web.jpg,,8f6752f0edf629d9ad908c4c85a14d5ab58aa9a7b9027c0e58af2c7ec48afde5,10
H-IR081-1,chart_69c82b4981f5233663e5c2fc,By how many percentage points does Walmart’s allocation exceed the combined allocations of FedEx and UPS?,0.5,https://i.pinimg.com/736x/61/e2/9b/61e29ba20554bd9cea215fe5a426535c.jpg,,69c82b4981f5233663e5c2fcf4cc50ab05d17bceba1ef93a0007e70024c10dd7,10
H-IR082-1,chart_220d80b16e133131f7dbc8e6,How many percentage points larger is Slovakia's gender pay gap than Slovenia's?,10.7,,https://www.reddit.com/media?url=https%3A%2F%2Fi.redd.it%2F0c68nb88jow71.jpg,220d80b16e133131f7dbc8e69cd4e1db0c486953cfe9fd5ff15646ab86c1beae,10
H-IR083-1,chart_f74c18a2df4309f212a15409,How many percentage points greater is Kansai Nerolac's market share than AkzoNobel's?,2,https://i.pinimg.com/736x/22/d0/18/22d018bc326b13ff8060b7992c594a54.jpg,,f74c18a2df4309f212a15409edd8e9c28dda66c5ffd1932bc1b8a1682e2ea55d,10
H-IR084-1,chart_80a967f794927c7760b9ff39,"Approximately how much wealth did the top 10 percent hold in 2001, rounded to the nearest $5 trillion in 2013 dollars?",40,https://ritholtz.com/wp-content/uploads/2017/06/uswealth.png,,80a967f794927c7760b9ff399928ad970f8067e4aad70e289a3eca42e5013f74,1
H-IR085-1,chart_6c960803a53c8983df0ad81f,How many million ounces of silver did Indonesia and Morocco mine combined in 2023?,19,https://i.pinimg.com/736x/5a/36/7d/5a367d0ef86f0e81af5b42acc2993303.jpg,,6c960803a53c8983df0ad81fbe0ce9045279dee9eca2729bc93f038f942812ca,10
H-IR086-1,chart_20c562f13ef938d856774b9f,"How much more did the 'Others' category spend than Liverpool and Chelsea combined in summer 2014, in £ millions?",268.4,https://cdn.statcdn.com/Infographic/images/normal/2653.jpeg,,20c562f13ef938d856774b9fb74158df788b90232e07e4eac5ffc222f0d14b46,10
H-IR087-1,chart_79568cbcfa4a167a8df9a523,How many more Twitter followers did Michael Nutter have than Kevin Johnson?,200,http://www.visualcapitalist.com/wp-content/uploads/2017/12/profit-per-employee-prev.jpg,,79568cbcfa4a167a8df9a5236e302f63b020592ee14f5a230e2383a549361171,10
H-IR088-1,chart_dbedd0dadc5a7a4f83dd3212,"What percentage of borrowings comes from PSU Banks, PSU Capex LC, and Domestic Inst. Investors combined?",37,https://i.pinimg.com/736x/7a/79/13/7a7913b70e000bfdfda9b11dc8789f36.jpg,,dbedd0dadc5a7a4f83dd32124ee88d6c7f773f5057e908a1f95f20751c84e0ee,10
H-IR090-1,chart_e4338dd7afb22c7d3c6d0ef7,Which confidence category accounts for 19% of U.S. adults?,Very,https://cdn.statcdn.com/Infographic/images/normal/24279.jpeg,,e4338dd7afb22c7d3c6d0ef7e9b1b4ac19ca1fad09e42518a508f6cb46f10adc,60
H-IR091-1,chart_6fee3800b789e195af065603,How many percentage points higher is UiPath's allocation than Roku's?,1.24,,,6fee3800b789e195af065603e674fbfcbddadfa2f2b0f3684a6e07243ab0e74a,10
H-IR092-1,chart_220d902cbba95dbc1da19507,Which external label points to the small magenta coastal region immediately southeast of 'Metal'?,Liberals,https://files.catbox.moe/ztcmoy.png,,220d902cbba95dbc1da1950784d25fc2f2a9c1252b56bfe6246c61d2281e9c3e,60
H-IR093-1,chart_57e610f87b5fcde13401afa2,"Which step comes two steps after POSITION AVAILABLE, and which comes two steps after MANAGERS CREATE DRAG-AND-DROP SCHEDULES?","[""APPLICANTS FIND JOBS & APPLY"", ""MOBILE NOTIFICATIONS & UPDATES""]",https://www.swiftchecks.com/uploads/1/3/3/5/133560806/court-v3-6-ladder_1.png,,57e610f87b5fcde13401afa249d3753b1998758d75313370f980b7bf8fe7797c,71
H-IR094-1,chart_1eec6b527e21be66346d9c31,What is the combined market cap of the removed companies with negative 1-year performance?,25,https://www.voronoiapp.com/_next/image?url=https%3A%2F%2Fcdn.voronoiapp.com%2Fpublic%2Fimages%2Fvoronoi-Whats-Changing-on-the-SP-500-Q2-2024-20240611154657.webp&w=3840&q=85,,1eec6b527e21be66346d9c31457d0616b69ce43aa31cd773816c0f7fdd4b809a,10
H-IR095-1,chart_2f2190892c5297f911092f8e,What percentage of dollar sales did the brand with 2% of unit sales account for?,3,https://cdn.statcdn.com/Infographic/images/normal/7993.jpeg,,2f2190892c5297f911092f8eb65f5df2519fcdcc123844ff43262915548ad8fd,1
H-IR096-1,chart_de1deb1b2792fb8d6a087810,"Of Chrome and Internet Explorer, which browser had a higher usage share in Europe than in North America?",Chrome,https://cdn.statcdn.com/Infographic/images/normal/1362.jpeg,,de1deb1b2792fb8d6a08781008cf32797e76e382773717b8f3035ccc82aa73c3,60
RQ-R001,chart_15f67187e25f408a25adc7b2,"What average one-way commute time is shown for Yonkers, NY, in minutes?",36.4,https://www.visualcapitalist.com/wp-content/uploads/2024/12/US_Cities_with_Longest_Commute_SITE.jpg,,15f67187e25f408a25adc7b24f8a10a99cf1862fff642c3250f54177781a7078,1
PV4-R003-3,chart_6375bea8f99e81fb9bc2f663,Which featured company corresponds to the country represented by the long dotted arc immediately inside the outermost arc?,Papaya Global,https://www.visualcapitalist.com/wp-content/uploads/2023/08/immigrant-founders-of-billion-dollar-startups-usa.jpg,,6375bea8f99e81fb9bc2f6630fc320c9fe86d9101260d59cad7f640aa5a125a1,60
RQ-R004,chart_af4c05e5c32aa09b28e95f79,"What was the USA's life expectancy in 2014, rounded to the nearest whole year?",79,https://cdn.statcdn.com/Infographic/images/normal/5755.jpeg,,af4c05e5c32aa09b28e95f793ec25613ecea04e1bce3b345e0d762eeac584428,1
PV4-R005-1,chart_92018591d9a1ac7dd674fabb,What market share belongs to the company containing the circular Coca-Cola lemon logo with a red upper half and yellow lower half?,46.3%,https://swipefile.com/wp-content/uploads/2023/09/Soft-drink-company-chart.png,,92018591d9a1ac7dd674fabb2c3dba24a352925d293484cb3d2e9e338165dd13,1
PV4-R006-2,chart_0ba36a3886a7771b8b13f12a,Which non-fiber-optic technology has the highest plotted speed among the milestones before 2010?,Anik F2 Communication Satellite,https://cdn.statcdn.com/Infographic/images/normal/7415.jpeg,,0ba36a3886a7771b8b13f12a5d11be669550078e9bc2f9c2fc137602219b561d,60
RQ-R007,chart_e655b0d5b96f0a4d405cc5d4,Does the map show the same online sports betting status for CA and RI?,No,https://files.catbox.moe/kiqkba.png,,e655b0d5b96f0a4d405cc5d443e2631ee71ad4a6a8cbb96d5c91f769dcccdb68,13
RQ-R008,chart_12cfaae24f04df6fd30b8f1a,How many years did the telephone take to reach 50 million users?,50,https://www.visualcapitalist.com/wp-content/uploads/2018/06/50-million-users-adoption-time.jpg,,12cfaae24f04df6fd30b8f1acc2421b2f22ca3865521c15a7e30c83102590538,1
PV4-R009-1,chart_0104e6f53b6d6008aea00713,What is the likelihood of the other risk in the same category as the risk marked 4.6%?,18.2%,https://www.visualcapitalist.com/wp-content/uploads/2020/06/Whats-At-Risk-18-Month-View-of-COVID-19-Risks.jpg,,0104e6f53b6d6008aea00713580df107b94464455cf605f7785bbb90d915a16e,1
PV4-R010-1,chart_ad72c3a1059860d733d9b735,"Among public companies with market caps above the cryptocurrency but below $500 billion, which have share prices higher than the exchange-traded fund?",UnitedHealth; LVMH,https://i.pinimg.com/originals/24/b4/00/24b40034b38adbdc77abcaa193f64ddd.png,,ad72c3a1059860d733d9b7350bcf71ca700826edb2b0af63460a5c9876f90dc0,71
PV4-R012-1,chart_885cb84b33676ff30c4d3c31,What percentage is assigned to the region containing the small Marriott and VERTEX wordmarks?,44.60,https://www.visualcapitalist.com/wp-content/uploads/2023/06/Top-7-Companies-Make-Up-the-NASDAQ-100_shareable_May26.jpg,,885cb84b33676ff30c4d3c312dbdf1839f643650758c7c43916aaf3eb697fea7,1
PV4-R013-3,chart_9d427dbc50c0328c0407821e,Which threat has the smallest percentage greater than that of the threat associated with “Preying on native species”?,Species overexploitation,https://www.visualcapitalist.com/wp-content/uploads/2020/11/Biodiversity-On-the-Brink_Proof-3-For-Review_72dpi-01.jpg,,9d427dbc50c0328c0407821e649fd0364b2e7805fe80c2c89aadefe027c6844d,60
RQ-R014,chart_9f2a6b690c2b5d3befc7f3ad,Do WA and HI have the same winning-ratio color category on the 1976 map?,No,,https://www.visualcapitalist.com/u-s-presidential-voting-history-by-state/,9f2a6b690c2b5d3befc7f3ad513d79f5ea41796e4cadf212ca773474838231f9,13
RQ-R015,chart_cf71fe88c0383109b0199164,"What daily net profit does the chart show for TCS, in ₹ crore?",115.90,https://i.pinimg.com/736x/2a/82/7c/2a827cf48e1b0500b87b6fdae327ac6c.jpg,,cf71fe88c0383109b019916465f2bf50709d3cef2faf3021d6e8825a0f303fa4,1
RQ-R016,chart_012641f8f570d6ce5ea64637,Are CA and NH shown in the same color on the map?,Yes,https://files.catbox.moe/qnwc8u.png,,012641f8f570d6ce5ea64637f662d386a89d5313db9a7e911e76363f8ef7b289,13
PV4-R017-1,chart_0069540d31c069bbda43aed6,"For the game with estimated revenue of $2B, how many copies had been sold as of August 2023?",25M,https://www.visualcapitalist.com/wp-content/uploads/2023/12/OC_GTA-Infographic.jpeg,,0069540d31c069bbda43aed6ad9206a2c2d61b77221ed498285bafa2e95d494e,1
RQ-R018,chart_e9528b4fb6f2049f5d64ced1,"What is the combined total of loans from China to Ghana and Mali, in billions of dollars?",33.7,,https://www.visualcapitalist.com/countries-loans-from-china/,e9528b4fb6f2049f5d64ced138fd749cdfc6591175bf9c56578f1ff1abbcf0f4,10
RQ-R020,chart_3f1694690f83bc713ee7e431,Do AK and CT have the same most common self-identified ancestry?,No,https://preview.redd.it/most-common-self-identified-ancestry-in-the-us-v0-ra25qfue0qsc1.jpeg?auto=webp&s=26f4b1e2973c99fa1d52c58a60a8d7a87f98bc21,,3f1694690f83bc713ee7e43162871c522542e9ea8341c3cf6872a55c52409c15,13
RQ-R022,chart_9929394cbe686ebecbfa277c,What percentage of project managers fall under the certification category “None”?,23%,https://i.pinimg.com/originals/9c/4d/99/9c4d997fb0e1dca126c2d4c3657e4298.png,,9929394cbe686ebecbfa277cb76d561879f6cebd15f9d90070f312e17ea1573f,1
RQ-R023,chart_847a5a710d227065c33c0d4f,"Using the rounded 2021 estimates, what was the combined unauthorized immigrant population of Alaska and Maine?","10,000",https://www.visualcapitalist.com/wp-content/uploads/2024/06/Immigrants_Site.jpg,,847a5a710d227065c33c0d4fe3676446b15069e047b1b1ed9b321b41fd19bfae,10
PV4-R024-1,chart_ec46f5afcb347412c05a6588,"What is the projected 2030 capacity, in GWh, of the country where CATL and SVOLT occupy vertically stacked narrow tiles?",262,https://www.visualcapitalist.com/wp-content/uploads/2024/08/Benchmark-3_Top-Lithium-Ion-Battery-Producers_Site.jpg,,ec46f5afcb347412c05a65887c496a6e31b87229ee05e42c13c61816b6028e59,1
PV4-R025-2,chart_f70d00bb1c27a0c2c4f2cf67,"What percentage of the population is offline in the country represented by the small map bubble between the Ethiopia, DRC, and Tanzania bubbles?",73%,https://www.visualcapitalist.com/wp-content/uploads/2024/11/UnconnectedPop_web.jpg,,f70d00bb1c27a0c2c4f2cf671e0d276a93e83aa0c861eee39744fe31318c7664,1
RQ-R026,chart_4884a2b8191d65d98c7840cf,How much higher is the living wage for a family of four in Alaska than in New Hampshire? Answer in thousands of dollars.,13,https://www.visualcapitalist.com/wp-content/uploads/2025/01/Living-Wage-for-a-Family-of-Four_Site.jpg,,4884a2b8191d65d98c7840cf097fd62eca1c6b88cd94397d92d35e4c4ac7e949,10
RQ-R027,chart_d880129b5a4b29efb9b4be10,By how many percentage points does Software's forecasted five-year relative increase in margins exceed that of Financial Services?,4.3,https://www.visualcapitalist.com/wp-content/uploads/2024/10/AI_Effect_on_Industry_Margins_SITE-1.jpg,,d880129b5a4b29efb9b4be10f99543f5f09402fafe39ad487b74e711f9fe7597,10
RQ-R028,chart_534b5e6d3a6e1d0532422950,How much higher is Tampa's home price-to-income ratio than Cleveland's?,2.6,https://www.visualcapitalist.com/wp-content/uploads/2024/10/Home_Price_to_Income_Ratio_SITE.jpg,,534b5e6d3a6e1d05324229503f8116104f57121020888a79758dccf6513e98a1,10
RQ-R029,chart_4a87a478fc176c104af0b7d0,How many more hectares of net forest area did Brazil lose than Peru in 2015–2025?,2661000,https://www.visualcapitalist.com/wp-content/uploads/2025/10/ForestLossbyCountry_withFooter.webp,https://www.visualcapitalist.com/countries-with-the-highest-rates-of-forest-loss/,4a87a478fc176c104af0b7d04a3dc69f7a668f749a0fab9ad1ba4ee6a9532e3d,10
RQ-R030,chart_deca077313207e27a694073b,"What was the combined energy transition investment of China and European countries collectively in 2021, in billions of dollars?",485,https://www.visualcapitalist.com/wp-content/uploads/2022/02/Energy-Transition-Investment-by-Country.jpg,,deca077313207e27a694073b717b8a64c3150fa3a5de7db6cc3b5e8d9cfb88a9,10
RQ-R031,chart_b982cb519b9c02f08be04d09,How many stages later is Testing than Surveying & Researching?,7,https://infoingraph.com/infographic/infographics-process_509e119959153[1].webp,,b982cb519b9c02f08be04d09201f57331a3ba60f425b162a41fdac25ed32077b,10
RQ-R032,chart_e412a9c315fa915f3a3eb400,"How much higher was California's human trafficking victim rate than Maine's in 2019–2023, in victims per 100,000 people?",9.8,https://www.visualcapitalist.com/wp-content/uploads/2024/11/Human-Trafficking-by-State_Website_10302024-1.png,,e412a9c315fa915f3a3eb400b7fb274cd549aef80a7be11e7f37a892a68669b7,10
PV4-R033-1,chart_f77f5fe4872490be85d77022,"Of the two media labeled 1%, which occupies the curved band farther from the central opening?",RADIO,https://i.pinimg.com/736x/9c/d4/e8/9cd4e8915c56ea739f7f615b735c7ecc.jpg,,f77f5fe4872490be85d770227a4ee33023e37c60a885a439fa3594239d60b726,60
PV4-R034-1,chart_6ce8e73bb98bda51b8b67b42,"Among countries whose flags contain red, white, and blue, which has the second-lowest GDP growth rate?",Australia,https://i.pinimg.com/736x/35/3d/bd/353dbdf6c1ca2e566c6161d2e97fc51f.jpg,,6ce8e73bb98bda51b8b67b424e0f2c2249bf2492975f394bc3c1fe7f12f267eb,60
PV4-R035-1,chart_480918eaa46aba69102bcf58,Which two states sharing a land border with Pennsylvania have a share above the chart's average but below 19%?,"New York, Maryland",https://www.visualcapitalist.com/wp-content/uploads/2024/11/VORO_StateswithMostSingleMoms_webv3.jpg,,480918eaa46aba69102bcf5870e20521d5db0cb4a3030435d00d1a89f3deebb5,40
RQ-R036,chart_868eb8db0a536484fdf96ba9,"How much larger was ESA's 2022 Space transportation budget than its Space safety budget, in millions of euros?",895,https://preview.redd.it/breakdown-of-european-space-agencys-2022-budget-by-domain-v0-99gvenjq2i6a1.png?auto=webp&s=d0e7b2baf239763a80d826243838392c1e545358,,868eb8db0a536484fdf96ba9087058e732ccf5a09c7e90a3414226b2dc2130a2,10
RQ-R037,chart_14508906871a23d3160cf48c,"Using the displayed values, how many more people did Maryland lose through net migration than Washington state in 2023?",33800,https://www.visualcapitalist.com/wp-content/uploads/2024/12/MigrationHeatmap-1-1.jpg,,14508906871a23d3160cf48c30b56a3953c74d2a164791f54fd6a89cbf1592dd,10
RQ-R039,chart_d66d778005af86f7ed1c1e72,How much higher was the median house price in Massachusetts than in Alaska in August 2024?,"$258,000",https://www.visualcapitalist.com/wp-content/uploads/2024/11/MedianHousePriceVoroBar.jpg,,d66d778005af86f7ed1c1e7259db44d89d1b9ed3bd7e2b9c5461b9ac833d4249,10
RQ-R041,chart_138171359f13a80990b490fd,"In 2024, in how many countries is the language represented by red on the map ranked #1 on Duolingo?",4,https://files.catbox.moe/9wn42d.png,,138171359f13a80990b490fd8e63e8f25d694f6a99b23b7e02a386612563523e,1
RQ-R042,chart_6bf4eba72f40f83855066f81,Estate & Gift Taxes receipts were what percentage of Social Security outlays in fiscal year 2024? Round to two decimal places.,2.19%,https://www.voronoiapp.com/_next/image?url=https%3A%2F%2Fcdn.voronoiapp.com%2Fpublic%2Fimages%2Fa2ecb103-550b-4c44-a646-a66b2bd12f58.webp&w=3840&q=85,,6bf4eba72f40f83855066f8109e06660bd072bd6bb28bc4df0c262a160156b13,10
RQ-R043,chart_deb169d15c49492f97b29e66,What does the narrow vertical bar associated with Antarctic sea ice represent?,Confidence interval (margin of error),https://preview.redd.it/great-ice-meltdown-v0-o6fae5dn71n81.jpg?auto=webp&s=599ff82d76d286c6474881b9c482fe60f78cb585,,deb169d15c49492f97b29e6673ab6d7d282c59393605562f3255436383c6462e,60
PV4-R044-3,chart_125da12838d57e92cae50081,"Before the listed loss, how many electoral votes did the horizontally hatched state in the 18–22 legend range have?",20,https://www.visualcapitalist.com/wp-content/uploads/2024/11/ElectoralCollegesbyStateVoroBarPurple.jpg,,125da12838d57e92cae500810028f0e1c550c23329321409918ce34b5a313806,1
RQ-R046,chart_4252f6726756574e9a555b46,How many percentage points higher is the survey-response percentage for business interruption than for climate change?,28,https://www.visualcapitalist.com/wp-content/uploads/2021/06/The-Biggest-Global-Business-Risks-To-Watch-Out-For.jpg,,4252f6726756574e9a555b4650c232acd045f8d2ccd56abf4157ee336e98a13d,10
RQ-R047,chart_9025a926b3e05e95369c6434,Which industry does the chart assign to Stephen Schwarzman?,Finance,https://www.visualcapitalist.com/wp-content/uploads/2021/12/ceo-tenure.jpg,,9025a926b3e05e95369c6434a395ceb1ad8eee6a16db41ac4b1a3f03eeba234f,60
PV4-R048-1,chart_d9e089390e9208623d714be2,"Among countries with UK exports between £7B and £13B that are individually listed on both sides, which supplied the most UK imports?",ITA,https://www.voronoiapp.com/_next/image?url=https%3A%2F%2Fcdn.voronoiapp.com%2Fpublic%2Fimages%2Fb35ee051-f895-4571-91b6-9d509c1e9077.webp&w=3840&q=85,,d9e089390e9208623d714be2d0b262880803b1a6310ed719a0f2d9cc12fa3041,60
RQ-R049,chart_d6052b3f34f58c0a0ac8e986,How many points higher is Alaska's Hard-Working Score than Massachusetts's?,25,https://www.visualcapitalist.com/wp-content/uploads/2024/09/VORO_HardestWorkingStates_web.jpg,,d6052b3f34f58c0a0ac8e9861dc1dc85611209790cf59dd7de844ed510f1e5c0,10
PV4-R050-1,chart_7ee98a1efe689dd72e1fc693,"Among states identified by right-side callouts in the 5.1–7.5 homicide-rate band, which has the lower gun-friendliness score?",Maryland,https://files.catbox.moe/wimvfq.png,,7ee98a1efe689dd72e1fc693765952ed7b859321dadd7aa6ba6e18a7e9680202,60
RQ-R051,chart_7985ed26338ba4c590dc1db8,"For employed U.S. adults in 2014, how many more minutes per day were spent sleeping than on Work & Education?",62,https://i.pinimg.com/736x/2b/c8/55/2bc855d9e853f0fe472c89b0bdeb84b3.jpg,,7985ed26338ba4c590dc1db8889bd2cde04c0ce1e312684cec0b92ed2b9da38d,10
RQ-R052,chart_2b763f21d265f2104d2c52f1,"In July 2024, by how many billion euros did EU imports from the Rest of World exceed EU exports to the U.S.?",46.0,https://licensing.visualcapitalist.com/wp-content/uploads/2024/10/VORO_EuImports_Exports_web-786x1024.jpg,,2b763f21d265f2104d2c52f17ba30597bb853b21f7bdc833e8822b5ae1e3d582,10
RQ-R053,chart_510a62e1f3fecd3f5d56e565,"Using the displayed exchange rate, what is Israel's average cost of 1 GB of mobile data in US dollars, rounded to the nearest cent?",0.04,https://i.pinimg.com/736x/9d/23/84/9d2384e50a4eb719fafb875601a321b6.jpg,,510a62e1f3fecd3f5d56e565977274a229bd1b31837068cd785571846f0c00bf,10
PV4-R054-1,chart_f566138c01560e8c839bd609,What percentage belongs to the white slice between the red Twilio slice and the orange UiPath slice?,4.43%,https://i.pinimg.com/originals/a9/0b/b4/a90bb47103efa6037a6e156304ca38a7.jpg,,f566138c01560e8c839bd6097dd66267cfff1aa5d8fca6d19b4d8ec4b780a16b,1
PV4-R055-3,chart_ea4accf56157a0a4a919356b,"Among the states sharing a boundary with Massachusetts and having violent crime rates below the U.S. average, which has the second-lowest rate?",Connecticut,https://www.visualcapitalist.com/wp-content/uploads/2024/08/Violent_Crime_by_State_SITE.jpg,,ea4accf56157a0a4a919356b4cdef235df56cb476745b6572551baf03d66d8b6,60
RQ-R056,chart_5b78d45bb5fe4f4b1152d0e2,"Of the combined government requests to remove Reddit content from Russia and Australia in 2020, what percentage came from Australia? Round to one decimal place.",7.3%,https://cdn.statcdn.com/Infographic/images/normal/20961.jpeg,https://www.statista.com/chart/20961/government-requests-to-remove-content-on-reddit/,5b78d45bb5fe4f4b1152d0e2f63fd07fcdf3be1d6df64ab7886f6d6e790883f6,10
RQ-R057,chart_f163ade9cc3ba351cf4b86f8,What percentage is shown for red meat?,100%,https://files.catbox.moe/dwsdsq.png,,f163ade9cc3ba351cf4b86f8555763e3a22a6b3ead47c2f937e761491f1ca57a,1
RQ-R058,chart_06f0b2c688587bfc3e42f523,How many times as long does a disposable mask take to biodegrade as a plastic grocery bag?,22.5,https://www.visualcapitalist.com/wp-content/uploads/2021/07/Disposable-Masks-Pollution.jpg,,06f0b2c688587bfc3e42f5232cfa4ee0fcbb2c8f3020b35be8c58d9c5c5d7f03,10
RQ-R059,chart_fb59e2d3b4bd0c81171adbc0,What percentage of BSE is held by the General Public and Other Trading Members & Associates combined?,74.65%,https://i.pinimg.com/originals/a2/3c/08/a23c08d2dba6d05d399924d1b7befc75.jpg,,fb59e2d3b4bd0c81171adbc0f23fb86e7a9a69a51a1ff63bbe0a98a12fcb32ac,10
RQ-R061,chart_d26f6e035b3481b7f17d95f3,"At the end of Q2 2024, the investment-grade corporate bond market was what percentage of the equities market? Round to one decimal place.",12.1%,https://www.visualcapitalist.com/wp-content/uploads/2024/12/US_Asset_Markets_by_Size_SITE.jpg,,d26f6e035b3481b7f17d95f3dbb65778824549462c289ceaf43e1bd3779e28da,10
PV4-R062-1,chart_3c648963dcf6bca82a3b6d7d,"Among the series that were above Developing Asia in 2000 but below it in 2010, which has the smaller annotated overall decline?",U.S.A.,https://i.pinimg.com/736x/c4/29/57/c4295709124f7cc753583189b8f07c35.jpg,,3c648963dcf6bca82a3b6d7d130a826dee543f8302302f5528a1c4860f13870a,60
PV4-R063-1,chart_973a775d3ce414293329631f,"How many mines or plants are needed for the material whose average mine size is below 20,000 t and whose additional supply requirement exceeds its current supply?",21,https://www.visualcapitalist.com/wp-content/uploads/2025/01/Mines-Needed_Web_01202025.jpg,,973a775d3ce414293329631f2358c5c056d651cdb0a8b4bc3f74259c16b45f1c,54
RQ-R064,chart_b4375b234a9a0933c33ae88a,"How many more passengers did Ryanair carry than LATAM in 2022, in millions?",106.1,https://www.visualcapitalist.com/wp-content/uploads/2023/09/Largest-Airlines-By-Passengers_02.jpg,,b4375b234a9a0933c33ae88a586c5733cecab07287535c10b12fd364fd5f943f,10
RQ-R065,chart_951a1246108232f5cf9c7e45,"In Lowe’s Q3 FY24, net profit was what percentage of Hardlines sales? Round to one decimal place.",32.1%,https://pbs.twimg.com/media/FsaK4TkagCg-G8k.jpg,,951a1246108232f5cf9c7e45852f4d7639315d000a22e8b5a4bb2ef1daeea051,10
RQ-R067,chart_fe991a31d0e0e5ba64deb047,"Using the displayed estimates, what were total global smartphone economy sales excluding smart speakers in 2020, in billions of dollars?",935,https://www.visualcapitalist.com/wp-content/uploads/2020/01/COTW-Smartphone-Multiplier-Market.jpg,,fe991a31d0e0e5ba64deb0474cfd52e801f3b54e309bf2d89b55900a3943f987,10
RQ-R068,chart_a7f5841a61c71c8ab06a136d,What was the 2022 annual PM2.5 concentration of the listed city in the country described as experiencing severe dust storms that year?,89.7,https://www.visualcapitalist.com/wp-content/uploads/2023/06/VCE_Most-Polluted-Cities-May-29-1.jpg,,a7f5841a61c71c8ab06a136d3356a70964dca56422d3cc6166e1986a41c595e7,10
PV4-R069-1,chart_3fa0cd5fce4e30632d4043ed,"Among entries colored for Africa and the Middle East with per-capita CO₂ emissions below 5 t/year, which has the highest emissions?",Turkey,https://www.visualcapitalist.com/wp-content/uploads/2021/11/carbon-emissions-per-capita-country.jpg,,3fa0cd5fce4e30632d4043ed14aed53e3d1af89f172a0666bb6da16afcc06516,60
PV4-R070-3,chart_c4a8bfb3ccd9d847d6e22444,Which other design shares the designer credited for the object whose marker lies almost directly below the cantilever chair's marker on the lowest ribbon segment?,Big Ben Henry Dreyfuss,https://mir-s3-cdn-cf.behance.net/project_modules/max_1200/c113f7141696547.625870aac4371.png,,c4a8bfb3ccd9d847d6e224444d51c1a4b15ac38533e52daf6fd997a11f046aca,60
PV4-R071-2,chart_6d22f3ff18b94bfd68c1c340,"Among the revenue segments marked '(1%) Y/Y', which has the lower margin?",McLane,https://files.catbox.moe/zjk153.png,,6d22f3ff18b94bfd68c1c340017f24558f8d69052d30a0e7ee496fbbb1d68089,60
RQ-R072,chart_84b34ecdb275037cebe2fa5b,Hawaii’s firearm-injury death rate is what percentage of Rhode Island’s? Round to two decimal places.,53.74%,https://www.weisspaarz.com/wp-content/uploads/2018/06/WeissPaarz-Death-09.jpg,,84b34ecdb275037cebe2fa5bbaeb6a10a58e4704ee96a633b8fc6939bd0f16a9,10
PV4-R073-1,chart_7b35cd94cb2f06f6738637e9,Which vendor is represented by the diagonally striped segment in the breakdown of the 16% market-share category?,ALEPH ALPHA,https://i.pinimg.com/736x/44/5b/c9/445bc9552e680a1bf9e9a705294583c2.jpg,,7b35cd94cb2f06f6738637e95f52dbdf5670ab407cd15c8b58f4921749a147b4,60
RQ-R074,chart_ca25f68ba6829ce08497356c,By how many percentage points does the Power Sector’s share of required annual investment exceed Industry’s?,68,https://decarbonization.visualcapitalist.com/wp-content/uploads/2023/10/NPUC_Cost-of-Energy-Transition_Oct-10.jpg,,ca25f68ba6829ce08497356c247af8b7a2bc3a436db16210ef07d77c245e9f65,10
RQ-R075,chart_fd01a46458877847ce99104e,How much higher is China's displayed CO2 contribution value than Korea's?,21.68,,,fd01a46458877847ce99104e842688d80e0e30dd6bf3cf15096e0474c15b6f8c,10
PV4-R076-3,chart_08d60e0655852d2fd8ae2c45,What is the total value of homes for the market whose label is connected by a thin white leader line to a pin in the crowded Southern California cluster?,$988B,,https://www.visualcapitalist.com/ranked-the-most-valuable-housing-markets-in-america/,08d60e0655852d2fd8ae2c4526649567c8ee2205a13c53eed9513c3303f23cab,1
RQ-R077,chart_cf284349ea3125b0ceb1b22e,"Using the displayed AUM, approximately how many billions of dollars are allocated to $CVI? Round to two decimal places.",2.04 billion dollars,,,cf284349ea3125b0ceb1b22e58ae2f592c46d68ca1e6c83afdf90d5f14f80d60,10
RQ-R078,chart_3f8d4518a0d3cead90ce2e4b,"How much larger is Prologis's market capitalization than Equinix's, in billions of dollars?",52.0,https://www.visualcapitalist.com/wp-content/uploads/2022/03/The-Largest-Real-Estate-Investment-Trusts-World.jpg,,3f8d4518a0d3cead90ce2e4b74fd2be5ad579180613f7d8b705a8e0a76e90817,10
RQ-R079,chart_42228fc39a0dc988701922c9,By how many percentage points did Madrid's estimated RevPAR growth exceed Prague's in 2017?,0.4 percentage points,https://cdn.statcdn.com/Infographic/images/normal/8538.jpeg,https://www.statista.com/chart/8538/,42228fc39a0dc988701922c997db40eec3ccd3246db123847a806ed78082cda7,10
PV4-R080-2,chart_4aa3c6f8a7c5274e57250aa8,Which language-origin category applies to the language discussed in the note about people also speaking regional dialects?,Austronesian,https://www.voronoiapp.com/_next/image?url=https%3A%2F%2Fcdn.voronoiapp.com%2Fpublic%2Fimages%2Fvoronoi-The-Worlds-Top-10-Most-Spoken-Languages-20240510130556.webp&w=3840&q=85,,4aa3c6f8a7c5274e57250aa87f1e6c343e0716121146678ae8c49b5ba5ee1e41,60
RQ-R081,chart_19c25b04472d24d61c93b0ab,"What was the combined market capitalization of Tata and ICICI Bank, in billions of USD?",253,https://www.visualcapitalist.com/wp-content/uploads/2021/10/Top-10-Biggest-Companies-in-India.jpg,,19c25b04472d24d61c93b0ab8e9f834911bffdcd79e2ebc9c459e64129f1c914,10
RQ-R083,chart_86fd5f10a9feea761c5cf370,By how many percentage points does Brazil's share of the world's forests exceed TZA's?,11.1 percentage points,https://www.visualcapitalist.com/wp-content/uploads/2024/02/VORO_Percentage_of_the_Worlds_Forests_Shareable_02092024-590x354.jpg,,86fd5f10a9feea761c5cf3705a3bd012a9cbb0f6ac3e80292bad86e784a92d4c,10
RQ-R084,chart_8f1b7de79785fbca41f92249,"How much greater was Brazil's cumulative value of Chinese solar-panel imports than Panama's during January 2017–August 2023, in billions of USD?",13.44,https://i.pinimg.com/736x/b2/f8/08/b2f8080aaacce9824d76407369d160c9.jpg,,8f1b7de79785fbca41f92249c707bc42eaaf3fed9fa30cb265d4d574f7f5823a,10
RQ-R085,chart_1a82d98c5d59dc484f4fdc2c,Which region's Other category is projected to add 4 million people to the global consumer class in 2024?,Latin America,https://www.visualcapitalist.com/wp-content/uploads/2023/09/ConsumerClass_MAIN.jpg,,1a82d98c5d59dc484f4fdc2c8adfa47d8ebb45d432a9cf11360514447fd184fe,60
RQ-R086,chart_4c89c71b522248db5d388aa4,"In AMD Q4 FY24, by how much did Data Center revenue exceed restructuring expense, in billions of dollars?",3.7,https://files.catbox.moe/izl5e0.png,,4c89c71b522248db5d388aa439eaa4571a814e10edfa304be9d2ca9d96448978,10
RQ-R088,chart_475065f230b34b4a4d5c53b7,By how many trillion US dollars does BRICS’ total projected GDP exceed that of the Rest of World in 2023?,1.9,https://i.pinimg.com/736x/ec/ee/f5/eceef5b007f82e9616f7fc2d5ec8047a.jpg,,475065f230b34b4a4d5c53b7d7618b7d6d34b81275f1accc4586e8c5ffd4df12,10
RQ-R089,chart_b5fa1701502daf0113c8007f,What was the combined market share of Others and Jio Cinema in Mar–June 2020?,26%,https://i.pinimg.com/736x/be/5b/e3/be5be32d1e02bfc315df3a1ce6622a04.jpg,,b5fa1701502daf0113c8007f797755e6754569162ea2f54006f2be35640d5f34,10
PV4-R090-3,chart_3a4145b3223b18d9c5b7c8cd,"Among topics reported by exactly 7% of adults aged 45+, which has the lowest percentage among adults aged 18–44?",Politics,,https://www.visualcapitalist.com/ranked-the-top-reasons-american-couples-argue/,3a4145b3223b18d9c5b7c8cd965e29c7623913f7f159c42cdefa3bd8f67812db,60
PV4-R091-1,chart_e3f1cc3299e388d6476a341a,Which two award events share the same two-year strip on the timeline?,Honorary doctorate from Otis College of Art and Design; lifetime achievement award from the ADC of Los Angeles,https://mir-s3-cdn-cf.behance.net/project_modules/max_1200/46283e197122679.662ab87ebebf3.jpg,,e3f1cc3299e388d6476a341aa2486b5b0795143c3bf749b72699cd3ab1680331,40
PV4-R092-2,chart_4c51242eccdcb629ab187675,Which two companies immediately border the wedge labeled $23.79B?,"[""Santander"", ""XP Inc.""]",https://www.visualcapitalist.com/wp-content/uploads/2021/10/The-Top-10-Biggest-Companies-in-Brazil-Oct-10.jpg,,4c51242eccdcb629ab1876757a880799c4c0f2327b5df7c7cdb711c2ef42efc9,71
PV4-R093-2,chart_10ac1b5eb42099a3444908f2,How many paid subscribers does the outlet classified as Canadian have?,139000,https://www.visualcapitalist.com/wp-content/uploads/2021/04/Most_Subscribed_News_Websites-3.jpg,,10ac1b5eb42099a3444908f2409c8bb36cddccad83804de868155bf7b2a9b278,54
RQ-R094,chart_ec1d70f0e50e54736ee7ccd2,"Using the displayed shares for 2018–2022, what is the ratio of India's share of global arms imports to the UK's share?",5.5,https://www.visualcapitalist.com/wp-content/uploads/2023/11/Largest-Arms-Importers_1200px.jpg,,ec1d70f0e50e54736ee7ccd245dd4c4eb86658bacae2a4f4587616dbb8556ded,10
PV4-R095-2,chart_b53c7461828803dc0b7c550b,Which region contains the country whose wedge lies directly between the $976M wedge and the $1.3B wedge?,Middle East & North Africa,,https://www.visualcapitalist.com/the-top-10-countries-receiving-u-s-foreign-aid/,b53c7461828803dc0b7c550be123930b1f9f35c5ff7edd22b2e440d231f96ec4,60
RQ-R096,chart_5d7091f815b182b5329e4779,"In Q3 FY25, by how many billion dollars did All others' revenue exceed Alibaba's net profit?",1.3,https://files.catbox.moe/t68fj8.png,,5d7091f815b182b5329e477907df250ddd01e3ef38629ee884a6330296666906,10
PV4-R097-3,chart_4f718b2e32d968bc25d26d39,"Among the states identified by leader-line callouts along the main map’s right edge, which has the second-highest military-land percentage? Exclude D.C.",New Jersey,https://www.visualcapitalist.com/wp-content/uploads/2022/07/u.s.-military-land.jpg,,4f718b2e32d968bc25d26d3954140e184ca87bf400598fd78e0e887595ad0b15,60
RQ-R098,chart_02a3678f3727fe9bc296d952,How many top-100 universities do FRA and CAN have in total?,7,https://i.pinimg.com/736x/32/51/03/3251034b626c883aca9d884067106f33.jpg,,02a3678f3727fe9bc296d9521358b626f7f90d3986e64d2c7042b0418d9a9b12,10
RQ-R099,chart_2758f8fcd873df1e113c3b70,"Using the displayed values, what was the top-20 total excluding UAE for digitally delivered services exports in 2023, in billions of dollars?",3552,https://www.visualcapitalist.com/wp-content/uploads/2024/11/The-Worlds-Largest-Digital-Exporters_website_Nov25.jpg,,2758f8fcd873df1e113c3b70085d0515d448ad8486edee3edb7a5d308d4a056b,10
RQ-R100,chart_6a1a03dad3e6ed842d30bb38,"How much larger was Sberbank’s market capitalization than Nornickel’s in October 2021, in US$ billions?",65,https://www.visualcapitalist.com/wp-content/uploads/2021/11/The-Top-10-Biggest-Companies-in-Russia-Main.jpg,,6a1a03dad3e6ed842d30bb385e314d2ebd0f2aece479f90edc0c7eb3cfddfd72,10
RQ-R101,chart_7477d9efa510a8a87d53a249,"How much greater was China National Petroleum's 2022 revenue than Microsoft's, in billions of dollars?",285,https://www.visualcapitalist.com/wp-content/uploads/2024/01/Compare_US_Chinese_Largest_Companies-1-e1706038288877.png,,7477d9efa510a8a87d53a249d6358f1733f5cdeb078174ececab5d5e8fdb43e2,10
PV4-R102-1,chart_b006aa48a13a1e3c58b38afc,What is the FDI project growth of the country whose GDP growth equals Serbia's inflation rate?,50%,,https://www.visualcapitalist.com/top-emerging-markets-for-investment-in-2024/,b006aa48a13a1e3c58b38afc832e80880a081b4e7142505f4c9b4563236f7eb7,1
RQ-R103,chart_e9cc9d1ccb824892ba323a5a,Hungary's displayed percentage is what percentage of Cyprus's displayed percentage?,68%,,https://www.informationisbeautifulawards.com/showcase/6631-fear-of-failure-in-romanian-entrepreneurship-and-why-women-are-more-afraid-than-men,e9cc9d1ccb824892ba323a5aa1b5fe751390eb674768acd3abc4f4f1931bf86e,10
RQ-R104,chart_ecc9af3e16f5d22760c98e39,"What military branches are listed for Edward Johnson III and Jean-Paul DeJoria, respectively?","[""Army"", ""Navy""]",https://www.visualcapitalist.com/wp-content/uploads/2021/07/RichestVeteransinAmerica-1.jpg,,ecc9af3e16f5d22760c98e3972747a69ef532708b126cc87cbe114a7e4bf0b15,71
RQ-R105,chart_409838802714a05fe27e2543,How many percentage points higher is Meat than Eggs in the chart?,200,https://avatars.mds.yandex.net/i?id=b267c9e4bbead3b1d0f45ed81690312e05248c19-5495613-images-thumbs&n=13&w=296&h=180,,409838802714a05fe27e25430902b9215d2c3bbd0c9d9e500d304b367f70452c,10
RQ-R106,chart_380356cd21b3bf175f60c29f,"What is the largest possible difference, in milliseconds, between a blink of an eye and real-time fraud-risk analysis?",260,https://prnewswire2-a.akamaihd.net/p/1893751/sp/189375100/thumbnail/entry_id/0_0stwxabg/def_height/2700/def_width/2700/version/100012/type/1,,380356cd21b3bf175f60c29f5932fff6c618dc2f13da4e7824c66b2f4ea0d2e2,10
RQ-R108,chart_f1847a71a5a449b825f70958,"In Q4 FY24, how many times as large as Other expenses was Nu's credit card interest income? Round to one decimal place.",12.6,https://files.catbox.moe/q3o13z.png,,f1847a71a5a449b825f7095888f08b3570bacd26b604e2bffe81b23246a5e607,10
RQ-R110,chart_2604d690dee9965a39728580,By how many billions of dollars did Online Store revenue exceed G&A expense in Amazon's Q3 FY22?,50.3,https://investmentmoats.com/wp-content/uploads/2022/10/20221029-amzn.png,,2604d690dee9965a39728580cdae179a1ee14034dc371edec0ca97952fc0455e,10
PV4-R111-3,chart_170f7f15808b50a71bc6fe50,"Among the cities with individual-city explanatory callouts, which has the median number of cameras per 1,000 people?",Moscow,https://www.visualcapitalist.com/wp-content/uploads/2022/10/Worlds-Most-Surveilled-Cities_MAIN.jpg,,170f7f15808b50a71bc6fe50fc72ba8fea4261e19d71eb723613cd998fefe4e1,60
PV4-R112-3,chart_f7f8fd8e7b4cc914df6b762a,"Among the two southern African markers with nearly invisible pink rims around white circles, what is the Starlink monthly price for the country with the higher leading ISP monthly price?",28.54,https://www.visualcapitalist.com/wp-content/uploads/2025/01/Starlink-vs-ISP-Prices_02-web.jpg,,f7f8fd8e7b4cc914df6b762a515ece8bb0de15bd200987c1abb2d3d398e8362e,1
PV4-R113-1,chart_63884186bedf6a29ee67b1a6,"Of the two objects credited to “Unknown,” which shares its country with the round floral object in the gold frame?",Evening Dress,https://mir-s3-cdn-cf.behance.net/project_modules/max_1200/5af48c168409423.6439aedd4e860.jpg,,63884186bedf6a29ee67b1a6eb017cc718ef87c423f9d36368aa8db5e530662d,60
RQ-R114,chart_e9afc85b56d2164caf9a2bcd,"What was the combined value of Italian men's fashion exports to France and Hong Kong in the first six months of 2012, in millions of euros?",419,https://i.pinimg.com/originals/f7/d2/73/f7d2739cd9bf51670504f66637eccb8e.jpg,,e9afc85b56d2164caf9a2bcd89454b2eaf5feedaeadb0d8ae9ea2c3bebf3ccca,10
PV4-R115-1,chart_e90b0b5e40588068b367f826,What year-over-year revenue growth is shown for the business segment annotated with a 70% gross margin?,+5%,https://res.cloudinary.com/passionfroot/image/upload/v1670293206/workspace-production/storefront-data/9Bkw9v_AAPL%20Q4%20FY22%20VTF.png,,e90b0b5e40588068b367f826c9cb5c21e8db6c22423cfbb52b7625be305ea239,1
RQ-R116,chart_2771688df2cbf3dfbbcec69f,How much higher is RP's displayed dollar value than UCB's?,0.7,https://files.catbox.moe/fpur9j.png,,2771688df2cbf3dfbbcec69f1ea526d123102587318343c0ea1df0ed825223f0,10
RQ-R117,chart_50a5574e53295a58c4b7c131,"In Q1 FY25, how much did salaries and benefits expense exceed revenue of the business with a 19% operating margin, in billions of dollars?",5.5,https://pbs.twimg.com/media/FkfniZaVUAE5vc4.jpg,,50a5574e53295a58c4b7c131cb5c9be6a2c0552e0a855c58b8cfcd2a2be871d3,10
PV4-R118-1,chart_4915b331369a8ff3cf88d281,"Among countries ranked 19–25 whose bars match the North America legend color, which is lowest-ranked?",Honduras,https://www.visualcapitalist.com/wp-content/uploads/2022/12/US-immigration-visas-2.jpg,,4915b331369a8ff3cf88d28162774136ae4c2bd877103d357ead64e91848b17f,60
RQ-R119,chart_4f1530ea2bfdeb4a981bd348,What was the ratio of Server revenue to G&A expense in Microsoft's Q2 FY25? Use the expense magnitude and round to one decimal place.,13.1,"https://substackcdn.com/image/fetch/f_auto,q_auto:good,fl_progressive:steep/https://substack-post-media.s3.amazonaws.com/public/images/ce66e331-3c55-49b8-8f10-bbc2688db200_2457x1379.png",,4f1530ea2bfdeb4a981bd34869b69503cf5c2c812854af833f0201dae01e7830,10
RQ-R120,chart_39baa762dfba631b4da93d54,"In Amazon's Q4 FY24, how many times as large as G&A expense was Physical Store revenue? Round to two decimal places.",1.93,https://files.catbox.moe/fp95xf.png,,39baa762dfba631b4da93d5449a23656dc38a361cb9a930c0cd16cadfabd2b49,10
RQ-R121,chart_058dfb7d08f5efa9415e008e,How many million web visits did Gemini and Runway receive combined in March 2024?,142,https://www.voronoiapp.com/_next/image?url=https%3A%2F%2Fcdn.voronoiapp.com%2Fpublic%2Fimages%2F4b9dbef2-2bb2-425b-8262-5f20ffcae517.webp&w=3840&q=85,,058dfb7d08f5efa9415e008e69137e1d1c1204879fe8d2963fd9f80a9242bd32,10
PV4-R122-3,chart_6b342d33281684aeb2a91c11,Which provider is represented by both the $4B and $32B ETFs?,Vanguard,https://www.voronoiapp.com/_next/image?url=https%3A%2F%2Fcdn.voronoiapp.com%2Fpublic%2Fimages%2Fvoronoi-The-Largest-Sector-focused-ETFs-by-AUM-20240715101024.webp&w=3840&q=85,,6b342d33281684aeb2a91c11ebdd325bd010d5b525b8b29aa2831fdaf7d0ef87,60
PV4-R123-1,chart_82c983017623ad5dd78d0516,Which two export destinations have ribbons between Turkmenistan's and Tajikistan's?,"Armenia, Azerbaijan",,https://www.visualcapitalist.com/sp/uae-vehicle-trade-growth-by-country/,82c983017623ad5dd78d05165f67aed1b3a1e2bfa2f19adca75cf8fdfffec97c,71
PV4-R124-1,chart_17773dcb2b6c1c70276a48b1,Which port has a container stack matching the Europe segment's purple color and a flag with vertical stripes?,Antwerp,https://www.visualcapitalist.com/wp-content/uploads/2019/01/worlds-busiest-ports.png,,17773dcb2b6c1c70276a48b1b0617cca181857f7f01503ddba456a72b64dbb99,60
PV4-R125-1,chart_cead88bba4ca22bce1c3b704,"Among U.S. companies whose tiles share an edge with a non-U.S. company tile, which has the smallest market cap? Corner-only contact does not count.",Oracle,https://www.voronoiapp.com/_next/image?url=https:%2F%2Fcdn.voronoiapp.com%2Fpublic%2Fimages%2Fvoronoi-The-Worlds-Top-25-Companies-by-Market-Cap-2024-20240821124435.webp&w=3840&q=85,,cead88bba4ca22bce1c3b704e585f591b2b45bbed8d6b760880ae3c1c0b274eb,60
PV4-R126-2,chart_b23f9a7560014319b8b71d12,What average return is shown for the sector diametrically opposite the sector labeled 8.9%?,13.4,https://www.visualcapitalist.com/wp-content/uploads/2025/01/SP-500-Return-by-Zodiac-Year_Site.jpg,,b23f9a7560014319b8b71d121ff9908d68eb6040e9fb4dd141b80fc2ca929201,1
RQ-R127,chart_ef30da3539a506a440f2d5ac,"How much more does AbbVie spend monthly on national TV advertising than Amazon, in millions of dollars?",49.5,https://www.visualcapitalist.com/wp-content/uploads/2023/10/TV-Ad-Spending_04.jpeg,,ef30da3539a506a440f2d5acb41f6275b47254d247c21962681e91ad83821840,10
RQ-R128,chart_b3c3521d75effe0fcd80c23a,By how many billions of dollars did Service revenue exceed G&A expense in Q3 FY25?,1.6,https://www.trueup.io/img/rev_chart/salesforce.webp,,b3c3521d75effe0fcd80c23a54c06a2b27d6aae7f883d2d618cc76c2d4a96dd1,10
PV4-R129-1,chart_868c41309deec55069d79f37,Which employer in the longest-process group has an average time to job offer of 26.87 days?,City of Houston,https://images.ctfassets.net/14q5t4r3zqb4/Vy291lODy4ca5fzyjIpFH/cea2aa25a1712396bbbe1da64112690c/01_The-American-Companies-With-the-Longest-and-Shortest-Job-Interview-Process.png,,868c41309deec55069d79f3757f5259785ece50ac586f5c03a3e69aa140cbe0b,60
RQ-R130,chart_c7fe0200120a0d98b81ce97c,"What is the ratio of Macau, SAR China's share of China's inbound arrivals in 2019 to Taiwan, China's share in 2023?",3.25,https://www.voronoiapp.com/_next/image?url=https%3A%2F%2Fcdn.voronoiapp.com%2Fpublic%2Fimages%2Fdcdf9a0f-df03-4117-9cf8-57f24a7f5cfd.webp&w=3840&q=85,,c7fe0200120a0d98b81ce97c2b985df6439c979bf300136d1d50f811dd5434fb,10
RQ-R131,chart_b5b6f91d9aaaf4528f32127f,How many millionaires do New York City and Sydney have combined?,"467,000",https://files.catbox.moe/gri2bq.png,,b5b6f91d9aaaf4528f32127f32c923b730d3822df929fc1152405d60158dec2e,10
PV4-R132-1,chart_c77b1d9b9c923a9b00759696,"Among the companies with a March 24 market cap of $1.3 billion, which had the largest displayed percentage decline?",Eldorado Resorts,https://www.visualcapitalist.com/wp-content/uploads/2020/03/beach-stocks-shrinking-market-cap-1.jpg,,c77b1d9b9c923a9b007596965223e2ca5112c01e48f33d29f3d0e9991de48150,60
RQ-R133,chart_0c546cf5e7e86c6a0552879b,"What is the combined displayed value of Grayscale and the ETF with ticker HODL, in millions of dollars?",22905,,https://www.visualcapitalist.com/ranked-the-largest-bitcoin-etfs-in-the-u-s/,0c546cf5e7e86c6a0552879bf505f6aa2c64f876fd281940956e64a6e2fd1acf,10
PV4-R134-1,chart_6fd6b0f5c77ff0e7d1847e07,Which company is associated with the $181K salary callout in the crowded northeastern section of the map?,Unitil,https://brobible.com/wp-content/uploads/2018/07/highest-paying-companies-in-every-state-map.jpg?quality=90&w=650,,6fd6b0f5c77ff0e7d1847e07e8aecdbc02214b6e60138247ee40aa1642563c1f,60
PV4-R135-1,chart_4a6d4df57e57b24f68894d6b,Which disadvantage is closest in percentage to the left-panel response that shares the disadvantages’ bar color?,Langfristige Stigmatisierung/Rufschädigung,https://cdn.statcdn.com/Infographic/images/normal/16897.jpeg,https://www.statista.com/chart/16897/,4a6d4df57e57b24f68894d6b62ed13274dd46d57954d30051c3fa7bb67d4cdef,60
RQ-R136,chart_877b2d6d6a08d47850e91b5d,By how many percentage points did wind's share of global electricity generation exceed biomass's in 2021?,4.3,https://www.visualcapitalist.com/wp-content/uploads/2022/06/the-five-types-of-renewable-energy.jpg,,877b2d6d6a08d47850e91b5dc1e936d8ac42f33b10a74a37ed0ed9f6edcdd2f3,10
RQ-R137,chart_71b09043675defa01e99002d,"What activities are listed for Phase 02 and Phase 13, respectively?","Measuring, fabric research, product development; shipment",https://mir-s3-cdn-cf.behance.net/project_modules/max_1200/c636c465179931.5aeb359ff0591.jpg,,71b09043675defa01e99002d864a8d2107cd330dbd425448e3dd2f708ca319b2,40
RQ-R138,chart_3c9ffa1654778613b18adc8e,How many times as large is the estimated population of Müller's Gibbon as that of Kloss's Gibbon? Round to two decimal places.,8.94,,https://www.visualcapitalist.com/what-are-the-10-most-common-primates-in-the-world/,3c9ffa1654778613b18adc8edba8429e8975ee52af99081723414ef3a997d0e5,10
PV4-R139-2,chart_486fb41b0d8d7c861201ced6,Which countries tie for the lowest fertilizer export value among tiles along the bottom edge of the treemap?,"Malaysia, Nigeria",https://www.visualcapitalist.com/wp-content/uploads/2022/07/The-Fertilizer-Shortage-and-Food-Crisis-in-3-Charts-July-666.jpg,,486fb41b0d8d7c861201ced69675a25a36ba251906caa8bb700deda874d44a62,71
RQ-R140,chart_8fbb9e34dc6b2b7f18faa571,"According to the chart, how many years after Martin Luther's church was Charles Parham's church founded?",383,https://i.pinimg.com/736x/2f/71/75/2f71756a51130474ef68941b30fb0e71.jpg,,8fbb9e34dc6b2b7f18faa57126496868f181fe73712853d779f384370c75067c,10
RQ-R141,chart_f29d51386a7ff3bdc6a2ca33,How many million more annual births are shown for 1990 than for 2040?,3.98,https://files.catbox.moe/e1wb7b.png,,f29d51386a7ff3bdc6a2ca33bb5ef90b9f8ca6ffb27d4d67911c2b4ef41d4614,10
RQ-R142,chart_d4a92d74fb824f8b41039c68,"According to the chart’s color legend, what profession is assigned to Jennifer Lopez?",Singer,https://www.voronoiapp.com/_next/image?url=https%3A%2F%2Fcdn.voronoiapp.com%2Fpublic%2Fimages%2Ff4c768b4-cee3-4e4b-aad0-f1acd6e2c098.webp&w=3840&q=85,,d4a92d74fb824f8b41039c6898e771ad773ec73e85f2306457ea91cd93a64cd9,60
RQ-R143,chart_eb3a6e39bb34500912a8bc1e,How many billion more monthly visits does Google.com receive than Yahoo.com?,80.7,https://www.visualcapitalist.com/wp-content/uploads/2023/05/worlds-top-25-websites-openai-MAIN.jpg,,eb3a6e39bb34500912a8bc1e93e8242ce59319335d0072a319ed355e4383f6c7,10
RQ-R144,chart_61d8e038d827251a87d1f517,"How much more does Asmongold earn per hour than GRONKH, in dollars?",202,,https://dailyinfographic.com/who-are-the-highest-paid-twitch-streamers,61d8e038d827251a87d1f517925a2ef25c9033b1f458d5a6fa1ce411c5630b99,10
PV4-R145-1,chart_404c8ce51274f0d6311b2323,"What is the projected 2034 demand for the mineral with a 2024 surplus of 24,000 tonnes?",468000,https://www.visualcapitalist.com/wp-content/uploads/2024/12/Benchmark-8_Mineral-Deficits_2034_Site.jpg,,404c8ce51274f0d6311b2323504c3bf60d038f46cda3cfa1106dd77a3c5e0e6e,1
RQ-R146,chart_8d038b1a20628949295b1d33,"Between Miami and São Paulo, which had the higher real rental-price change from 2015 to 2025?",Miami,,https://www.visualcapitalist.com/charted-home-and-rent-price-changes-in-global-cities-2015-2025/,8d038b1a20628949295b1d33e378bb2d229043d8ce315b61be8b7fef7e253fbc,60
PV4-R147-3,chart_9b5e17e8f921e8e59dcc87fb,"Of the blue bubbles directly above the $1.1T and $2.2T blue bubbles, which country has the larger market value?",France,,https://www.visualcapitalist.com/the-worlds-biggest-stock-markets-by-country/,9b5e17e8f921e8e59dcc87fb87bfcf7707a7af15fa7afc8065c934c62e481162,60
RQ-R148,chart_c1ddf595d08a353e5f65f30d,How many times as large is Ganymede’s ice sheet as Earth’s ocean by labeled volume? Round to two decimal places.,6.46,,https://www.visualcapitalist.com/cp/largest-bodies-of-water-solar-system/,c1ddf595d08a353e5f65f30ddb845c6d41f500f7c5c5c19ddd86cd0b32b0a19b,10
PV4-R149-1,chart_dad0904431bb3e560f3900ce,"Among the companies the chart identifies as not being from Asia, which has fewer monthly active users than the company with the handshake logo?",Walmart,,https://www.visualcapitalist.com/ranked-the-worlds-most-used-ecommerce-apps/,dad0904431bb3e560f3900ce0998063ea4e1e57925a5b37f8c6f069d7002af09,60
PV4-R150-2,chart_7081063e667ee67a177197f4,What is the 1-year annual return of the company whose bubble is partially obscured by the Dropbox bubble?,+28.8%,,https://www.visualcapitalist.com/pure-play-cloud-computing-companies/,7081063e667ee67a177197f49dab5eeaa23ca2d540aaed057dab5ff42a99d9ce,1
RQ-R151,chart_a872f6d9a62f9cc06497e60f,"In the region with 9.0 million people unable to afford a healthy diet, what percentage of the population cannot afford one?",20%,,https://www.visualcapitalist.com/mapped-population-that-cant-afford-a-healthy-diet-by-region/,a872f6d9a62f9cc06497e60f22193a19b65f346bf2d199cf9186e895253b5a37,1
PV4-R152-3,chart_d61c4ef659110562e1f8bea7,Which country ranks immediately after the country whose flag combines a vertical red stripe on the left with three horizontal stripes?,France,,https://www.visualcapitalist.com/which-countries-are-stashing-the-most-wealth-offshore/,d61c4ef659110562e1f8bea7339ef83e33c6148028a4e5afe61989a20ee37fea,60
PV4-R153-1,chart_c9ccef65a19ea537e74acfff,"Among countries in the bottom two rows whose flags contain both red and blue, which has the second-lowest telecoms investment?",RUS,,https://www.visualcapitalist.com/visualized-telecommunications-investment-by-country/,c9ccef65a19ea537e74acfff4c4d0fc0cfe539ef6e1ea95c93f2205ea6268a72,60
RQ-R154,chart_410b8bd54920faa53328b4c4,Tim Cook's 2023 security costs were what percentage of Mark Zuckerberg's? Round to one decimal place.,3.4,,https://www.visualcapitalist.com/charted-the-cost-of-keeping-big-tech-ceos-safe/,410b8bd54920faa53328b4c42bb41b76aca0635d0989c4ed537805a8384e7f33,10
RQ-R155,chart_779e5b85fd781831446ea68b,"How much greater are military expenditures than the cost of terrorism, in billions of PPP US dollars?",8992,,https://www.visualcapitalist.com/19-trillion-global-cost-of-conflict/,779e5b85fd781831446ea68b86c66e0d43ea41e72a3cfbf58dafed1a1eac7a72,10
PV4-R156-1,chart_9d8010fe93135b0d76c17006,Which defensive position has the same concussion count as the offensive position immediately to the left of the leftmost offensive tackle?,Linebacker,,https://coolinfographics.com/blog/2013/12/2/nfl-concussion-watch-2013.html,9d8010fe93135b0d76c1700624f1e1eb3f2e2a46fc5fc5296ba9e9d63226eb1c,60
RQ-R157,chart_05ea17e2b8b85ff8b16c227d,Which luxury investment ranked seventh in the UK in 2020?,Rare Whiskey,,https://www.visualcapitalist.com/comparing-luxury-investment-around-the-world/,05ea17e2b8b85ff8b16c227d08d53bcef4bd4b13d47eab91cd6049728c8c2e6c,60
RQ-R158,chart_77e62c18bbc1ee337b53e1a3,Which day has a forecast temperature equal to today's temperature at 13:00?,Wednesday,https://files.catbox.moe/azjcdr.png,,77e62c18bbc1ee337b53e1a3e84e78df82d4a800d59a1de45fe24d395ef1fd3a,60
RQ-R159,chart_538f3a8a4222f66fcf86b03f,"What was the 2023 U.S. yield, in bushels per acre, of the crop for which the chart notes the introduction of a drought-resistant variety?",177,https://www.zerohedge.com/s3/files/inline-images/CornSoyWheat_web.jpg?itok=s7QR8ST5,,538f3a8a4222f66fcf86b03fe8fefb96d9f7ed131cd0828f5b3befcc6dea6a3c,1
RQ-R160,chart_14aeb4954f3bc01ff5dfbd85,What date range is scheduled for Knowledge Setting?,June 18-19,https://mir-s3-cdn-cf.behance.net/project_modules/max_1200/369f9e38249537.577170c45c19a.png,,14aeb4954f3bc01ff5dfbd858ae3783177f0b4c8ffeaea8456ceb28f2e5c7670,60
RQ-R161,chart_ec69247ebc328452639f6001,What is the displayed ending portfolio value for the index with an 18.2% average annualized return over the last 10 years?,$117.1K,https://files.catbox.moe/9i0ssv.png,,ec69247ebc328452639f6001e53e0c90c1afec7b3a32011a95a6c65b5d21c8e9,1
RQ-R162,chart_1cc1fe4463c5dc7a1a77c5e5,"What is Asia Pacific’s coal consumption at the latest endpoint, in exajoules, according to its printed value?",135.7,https://www.zerohedge.com/s3/files/inline-images/coal-consumption-by-region.jpg?itok=eHuJBM7L,,1cc1fe4463c5dc7a1a77c5e57b4123525307a86a1751eaa10e45d305b4d830f1,1
RQ-R163,chart_e93b92e395078eb8b0b6db4c,"What was Dell Technologies’ percentage change since joining the S&P 500, as of December 31, 2024?",-2%,https://www.voronoiapp.com/_next/image?url=https%3A%2F%2Fcdn.voronoiapp.com%2Fpublic%2Fimages%2F86e688cc-f513-4e6a-9002-90c2574d8a32.webp&w=3840&q=85,,e93b92e395078eb8b0b6db4c2a8377164fdb4074ca236e8e805571dcddec490d,1
PV4-R164-2,chart_51444c3c925fe4064c438355,Which sector marked as having statistically relatively uncertain values has an overall female employment share below the female management share in the “Insgesamt” row?,Baugewerbe,https://cdn.statcdn.com/Infographic/images/normal/29455.jpeg,https://www.statista.com/chart/29455/,51444c3c925fe4064c438355c9fd6af0a3be1992179da42db5e2dc067291d8a8,60
RQ-R165,chart_8b93efcbbaa75e15f9232c16,"What were the combined cumulative GHG emissions of Central Asia & Europe and South Asia over 1850–2022, in GtCO2e?",980,https://licensing.visualcapitalist.com/wp-content/uploads/2024/07/CumulativeGHGEmissions_Website-1109x1536.jpg,,8b93efcbbaa75e15f9232c16742fa8695c6ae9af6dfd14485743e95ef8281a38,10
RQ-R166,chart_232cfba7b599f61b88af17fa,"What is the combined projected population of India and the U.S. in 2075, in millions?",2089,https://www.zerohedge.com/s3/files/inline-images/Top-6-Countries-Population-Forec.jpg?itok=wLxJEyoB,,232cfba7b599f61b88af17fab3cae90a4886b9c147014615530430e7090ae985,10
RQ-R167,chart_b99f40ef57805a653a8745e2,What five-year return does the chart show for Gold CFD?,81%,https://www.zerohedge.com/s3/files/inline-images/Gold-vs-SP500_Web.jpg?itok=dm1DfWz9,,b99f40ef57805a653a8745e2d9a1957e650f350950edbacb05d8b27d6d8a170c,1
RQ-R168,chart_7dc3228cd483961ac8cdc768,"What was the combined single-day market cap gain for Microsoft’s March 13, 2020 and April 26, 2023 entries, in billions of dollars?",298,https://www.visualcapitalist.com/wp-content/uploads/2024/02/Biggest-Single-Day-Gains_Site.jpg,,7dc3228cd483961ac8cdc7686d6fb20a5b8dc114bbb8c9a442db2ecca21fb87e,10
PV4-R169-1,chart_e6cbb004e98fd3756db0b1dd,"Which reaction is represented by the face with a wavy, zigzag-shaped mouth?",Afraid,https://cdn.statcdn.com/Infographic/images/normal/6731.jpeg,,e6cbb004e98fd3756db0b1dd773c98c5f4e29544c4c2204f092f781e4cbec3cb,60
RQ-R170,chart_de90f6d2f41913ebecb6a0cb,"Using the labeled 2022 values, how much higher were North America's per-capita CO₂ emissions than those of Middle East & N. Africa, in tCO₂ per capita?",9,https://www.visualcapitalist.com/wp-content/uploads/2024/11/Co2-per-capita-by-region_shareable-1000x600.jpg,,de90f6d2f41913ebecb6a0cb0f1b09d5927c54f30117454bb8512dc79d5407b0,10
RQ-R171,chart_54811da014f3536bb88a00a6,What is Italy’s labeled final cumulative total of diagnosed COVID-19 cases?,"59,138",https://miro.medium.com/max/2492/1*A-GtIza99JM7ndT2ERjaGQ.png,,54811da014f3536bb88a00a6ad56021d8ae92d3b265e0e64365de8a52fa8dd2c,1
RQ-R172,chart_9a0941b41c952221ca825909,"In 2023, how many times as many annual births did Asia have as Europe? Round to one decimal place.",10.4,https://cdn.statcdn.com/Infographic/images/normal/5545.jpeg,,9a0941b41c952221ca82590942814b83d20fdbb6b4dbd44822d262c2881cf43f,10
RQ-R173,chart_8580b27b64c375fed25ba9cc,What is Spain's labeled end-of-series percentage of young adults aged 18–34 living with their parents?,64.5%,https://1.bp.blogspot.com/-r5z4AiYZamg/X5kZxE1JySI/AAAAAAAAAxY/5VLlbAil8lMkmrZ-qxNYpcC8kyGK6lkDACLcBGAsYHQ/s1080/Share%2Bof%2Byoung%2Badults%2Bliving%2Bwith%2Btheir%2Bparents.jpg,,8580b27b64c375fed25ba9ccfe4409c6e8cdcd5a20c6027aa00e83d4c7b4f0d7,1
RQ-R174,chart_80456b4dc43f4c5462601c02,"How much faster is H1 than HD Atlas, in km/h?",10 km/h,,https://www.visualcapitalist.com/cp/visualizing-the-current-generation-of-humanoid-robots/,80456b4dc43f4c5462601c02cf41816b6cddb3f1145e376d7250dec07670dfc9,10
RQ-R175,chart_8366d4982ff8cea231a6a3b5,How many minutes longer than the worldwide average is Brazil's daily social-network time?,67,https://avatars.mds.yandex.net/i?id=5e5c6b560a5e08d7019280c5c49e6319e9bae85b-16428875-images-thumbs&n=13&w=296&h=180,,8366d4982ff8cea231a6a3b526993d5f1aa4819a8d186b758cd409fcf619523d,10
RQ-R176,chart_7be1265aa1af326a70e7c1cc,"How much greater is Mercury's surface gravity than Pluto's, in m/s²?",3.1,,https://www.visualcapitalist.com/visualizing-gravitational-pull-of-planets/,7be1265aa1af326a70e7c1cc5d55756ece93f2b16302c9430046c1cce1c0482a,10
RQ-R177,chart_b40c512677b30aac1e1fc436,"In 2015, which BEV subcomponent’s band contains the 80 kg horizontal gridline?",Busbar,,https://www.visualcapitalist.com/visualizing-the-decline-of-copper-usage-in-evs/,b40c512677b30aac1e1fc436d60ca463d97ddbc87372bb7b30e887b44abf6c5b,60
RQ-R178,chart_607f483b4b7f9a4b9ad935ac,"According to the labeled 2025 forecasts, how much higher is China's electricity demand than the U.S.'s, in TWh?","6,023 TWh",,https://www.visualcapitalist.com/charted-chinas-energy-needs-keep-on-rising/,607f483b4b7f9a4b9ad935ac6b2751adfccf1f5e53a3533c663f7933c473e117,10
RQ-R179,chart_09143ae6311d429a1af3cd81,How many new Netflix original releases were in Other European Languages in 2021?,25,https://i.pinimg.com/736x/7c/f8/f2/7cf8f21922abc410ea1f9be484890144.jpg,,09143ae6311d429a1af3cd8198591f96f8462e02350e45079bd9d0908ae85549,54
RQ-R180,chart_0e0cebcc84bc94530860130d,Which workflow stage lists the activity 'Size'?,EXECUTABLE BACKLOG,https://i.pinimg.com/736x/7c/ed/48/7ced48a7348caed638c7e7549c77eb8d.jpg,,0e0cebcc84bc94530860130d335b94b1909a6c86bc28ca353ef2a5d01c7f3655,60
PV4-R181-1,chart_101fb85884eae35bd02c8373,"Among the labeled pH positions strictly to the right of the dotted vertical guide, which has the highest effective acid content below 20%?",5,https://cdn.statcdn.com/Infographic/images/normal/5317.jpeg,,101fb85884eae35bd02c837341a666f57c33eead7659b4680166ae0922bbf473,1
RQ-R182,chart_d10a680497e0ce17e237a17b,Which need category is associated with the social-media icon marked “in”?,SAFETY,https://socialmediachimps.com/wp-content/uploads/2012/04/maslows-hierarchy-needs-social-media-infographic-750x420.jpg,,d10a680497e0ce17e237a17bc006cdd0a803342b7a754449063882615b564419,60
RQ-R183,chart_bf71d5b3132548f7719bbc1f,What is Berkshire Hathaway’s final labeled annual return?,15.77%,https://i.pinimg.com/originals/04/1b/d5/041bd5cac56fae6178dbb7ee35970a14.png,,bf71d5b3132548f7719bbc1f50d5199afb0f9b68cad7c2ae6236a394b602b080,1
RQ-R185,chart_f8960602c217c2fe1c0f2733,Which investment category is represented by the tier containing SPDR?,Index Funds/ETFs,https://i.pinimg.com/736x/ae/25/80/ae258015799126ef6463f170d4480062.jpg,,f8960602c217c2fe1c0f273332e436c30586ab87dc5ca4e1960c7f9bd7784960,60
PV4-R186-1,chart_91cadcf2ae0ba18ad36713bd,Which promotion tool has exactly seven audience silhouettes along the bottom of its colored section?,PROMOCIÓN DE VENTAS,,,91cadcf2ae0ba18ad36713bd78c60a6796b02cb8119383db3eee3a2b997bbaf9,60
RQ-R187,chart_237ed55695ff3a9aad592ffb,"At Japan's labeled endpoint, what is health expenditure per capita, rounded to the nearest $1,000?","$5,000",https://cdn.statcdn.com/Infographic/images/normal/5337.jpeg,,237ed55695ff3a9aad592ffb4c67e9a457413c5314eb857863edd42b830cec0e,1
PV4-R188-1,chart_e24abffacc91db68d22a735f,"Among the stages whose descriptions mention a purchase or a contract, which has the widest funnel opening?",Qualification,https://i.pinimg.com/736x/a7/28/73/a72873f22d23c937f1054d6424ebdcb9.jpg,,e24abffacc91db68d22a735fd0ec46ee74430ba2fa59e05a2e3e662dc08f2fa1,60
RQ-R189,chart_199e956599f3acea2959cf52,Was the Baby Boomer share of U.S. household wealth above or below 25% in 1989?,Below 25%,https://cdn.statcdn.com/Infographic/images/normal/5727.jpeg,,199e956599f3acea2959cf522ac6788d87ec7aea3f27a58177bc6757e58aed8d,60
RQ-R191,chart_1f036e9295f64f3324fb483b,"In 2022, how many times as large was Console revenue as VR/AR revenue?",6,https://images.hothardware.com/contentimages/newsitem/63563/content/small_visual-capitalist.jpg,,1f036e9295f64f3324fb483b04a1f70c5e610d82dcb35d6bec3caf71276a3484,10
PV4-R192-3,chart_6bc54819db944cf07cd420f3,"Considering only social-network platforms, which have recruiter-use percentages strictly above the percentage for political opinions or activities and strictly below the percentage for spelling mistakes? List them in increasing percentage order.","[""Facebook"", ""LinkedIn""]",https://cdn.statcdn.com/Infographic/images/normal/12479.jpeg,https://www.statista.com/chart/12479/,6bc54819db944cf07cd420f3496cfb05386a4046807cd5bc13c5d3447ef0f50e,71
PV4-R193-2,chart_0a35e597c8bd00e851946705,Which activity corresponds to the cone band containing the faint '@finishersecrets' credit?,Hear + See,https://i.pinimg.com/736x/00/45/61/0045616b6b30a76c83b65f0e78fad049.jpg,,0a35e597c8bd00e851946705622144495b982a753d419e7e644046d51119b03b,60
RQ-R194,chart_9ddfdabf95ead6af63dd1bd7,"As of June 2021, how many known near-Earth asteroids were in the 140 m–1 km diameter group?","8,807",https://newsinfo.inquirer.net/files/2021/07/unknown_3-1.jpg,,9ddfdabf95ead6af63dd1bd76a7b17adad33189d60b875da4d269a59c8e5d780,1
RQ-R195,chart_e7615290c08888a3cc0157a5,What is the ratio of the success probability marked by the cyan guide to that marked by the orange guide?,1.8,https://i.pinimg.com/originals/00/d9/4d/00d94d2abec89c3b83eb17b99c198a52.png,,e7615290c08888a3cc0157a50b771b507da62a5088969e860b401ef4e7c1a65d,10
RQ-R196,chart_24efea13a6545f036c14c88e,"Microsoft’s May 12, 2020 market capitalization was approximately what percentage of the total stock-market capitalization shown for April 2020? Round to two decimal places.",1.55%,,https://www.visualcapitalist.com/the-worlds-10-largest-stock-markets/,24efea13a6545f036c14c88e1f4ec2260135dab3a9f29b91f572a42597946a11,10
RQ-R197,chart_ffccde735c5b26dd414efaab,What was Pepsi's U.S. soft-drink market share at the end of the period shown?,8.3%,https://cdn.statcdn.com/Infographic/images/normal/5722.jpeg,,ffccde735c5b26dd414efaabd84203de015633c99a33530176237183eccb5daf,1
RQ-R198,chart_ace304975e35d6d009bab77c,How many months longer was the S&P 500 bull run with a 325% gain than the one with a 115% gain?,40,https://cdn.statcdn.com/Infographic/images/normal/5450.jpeg,,ace304975e35d6d009bab77c6f1fece2bef5fe90edec0e7b98c960d83526b6e5,10
RQ-R199,chart_3b92162677ec7805418d0d69,How many percentage points higher is the women's share shown for Finland than the French National Assembly's share in 1958?,41.2,https://cdn.statcdn.com/Infographic/images/normal/6881.jpeg,,3b92162677ec7805418d0d69724a5e3a3a15235b6362d6f1413bbd554df09bad,10
PV4-R200-1,chart_1a2e74f769bb48dbc707a1b6,Which two leaders have their acceptance and decline percentages exactly reversed?,The Pope; Vladimir Putin,https://cdn.statcdn.com/Infographic/images/normal/11540.jpeg,,1a2e74f769bb48dbc707a1b63d053219b8c26c5ca2237c301b1569962b2e2014,71
RQ-R201,chart_7961cd4fd915288f002e40f9,By what percentage is TSLA's At Close price above its displayed Low price? Round to two decimal places.,1.14%,https://avatars.mds.yandex.net/i?id=eb808af9a2f68241c0795bcf6f8143af2b3ab582-5384283-images-thumbs&n=13&w=296&h=180,,7961cd4fd915288f002e40f98c73f8b32e9ad87d846afb146475832b4b850493,10
RQ-R203,chart_f02e6d7a6fae16bf7e241de7,"Which technologies are linked to the neuron and fingerprint illustrations, respectively?","[""GLP-1s for neurodegenerative disease"", ""Generative watermarking""]",,https://www.visualcapitalist.com/top-emerging-technologies-of-2025/,f02e6d7a6fae16bf7e241de7ebabab582505bd867fd2c4fa46395789a82520c7,40
PV4-R204-2,chart_0b61eed8933a5f11a717d1b9,"Which category has a bar ending closest to, but to the left of, the yellow bar's endpoint?",Linke,https://cdn.statcdn.com/Infographic/images/normal/30657.jpeg,https://www.statista.com/chart/30657/,0b61eed8933a5f11a717d1b9aea49b8a9fed3c642ce262a43b5caf6d47276d21,60
PV4-R206-1,chart_f1c41ab5e0c867d72174b5f1,"Which city is represented by the tower with a solid dark, tapered central body ending well above its widely splayed supports?",РИГА,,https://datarep.tumblr.com/post/125763894543,f1c41ab5e0c867d72174b5f1bafec849f95ae3301580f3176fee73b27659a12a,60
RQ-R207,chart_2efd9c07c706711eebf2e728,How many more million Americans have Medicare than are uninsured?,14.3 million people,,https://www.visualcapitalist.com/americans-buy-healthcare/,2efd9c07c706711eebf2e728ed6121b745d37932784657d3c1234f8cd1910897,10
RQ-R208,chart_2158bff0c673afe8fd66f489,Which country does the chart associate with BHP?,Australia,,https://www.visualcapitalist.com/visualizing-the-growth-of-chinese-copper-miners/,2158bff0c673afe8fd66f489090323380851f977b3912cfbc664e5b3051a7243,60
PV4-R209-3,chart_666e745ebf507dba47ab4b03,"Among activities whose square blocks have different widths in different rows, which has the smallest labeled difference in hours?",Shopping,,https://www.informationisbeautifulawards.com/showcase/1899-giving-up-time-as-a-parent,666e745ebf507dba47ab4b03ddb140f34edf44a64ff2e5267cb910bb45e60898,60
RQ-R210,chart_36f732968f3f4d23e5a8544e,What percentage of the portfolio is allocated to market leaders (Marktführer)?,30%,https://i.pinimg.com/736x/87/fa/77/87fa771c438574b523466dfc8b2ce8ee.jpg,,36f732968f3f4d23e5a8544e169ba064400f3c73bc4c466a74b9c63826b9651f,1
RQ-R211,chart_7c8fb77c78a89c9ed122b9c6,By how many billion dollars did Chevron's 2023 revenue exceed Ford's 1994 revenue?,118 billion dollars,,https://www.visualcapitalist.com/americas-top-companies-by-revenue-1994-vs-2023/,7c8fb77c78a89c9ed122b9c67f305880b3cf417245be003da1cbae2bcfdbe81c,10
RQ-R212,chart_78050843d89ec5e37f221549,How many million crypto owners does the U.S. have?,53,,https://www.visualcapitalist.com/countries-with-the-highest-rates-of-crypto-ownership/,78050843d89ec5e37f221549a78766b951fe778ba8e79c59dadd8a9d3fc68b31,1
RQ-R213,chart_64dabfd5f997e9988745688c,"What was the 2020E rare earth oxide mine production, in metric tons, of the country whose sole producer was identified as the Mountain Pass Mine?","38,000",https://elements.visualcapitalist.com/wp-content/uploads/2021/03/VCE_DS_Rare_Earth_Metals_Production_-v2.jpg,,64dabfd5f997e9988745688ce395286404253d50892ae8b563890b69fb0e03bb,1
RQ-R214,chart_7c03ab82fb893c9dd387b66a,How many percentage points higher is the reported Leave voting-intention share than the share answering 'Don't know' about holding a second EU referendum?,39,https://cdn.statcdn.com/Infographic/images/normal/12512.jpeg,,7c03ab82fb893c9dd387b66a73d689fb5fca043966aa919fbfdf9410b62dc441,10
RQ-R215,chart_01f0b49b6d01639d7b561727,"According to the annotations, how many years elapsed between the Watergate scandal and the Covid-19 pandemic?",46,https://i.redd.it/mgw2rltlz24c1.jpg,,01f0b49b6d01639d7b561727eeab076b27f8af0d259db283ad401156a6348c3f,10
RQ-R216,chart_9c07ec8e342de3fd51f901b7,How many years elapsed between the Gaming and High Fashion milestones?,24,https://i.pinimg.com/736x/79/b0/31/79b03101e7c3cd9e8582cace24c69538.jpg,,9c07ec8e342de3fd51f901b7a2219066bbb6535520521a8bddee6cbfa17b0187,10
RQ-R217,chart_12e642b9f867f9315eac1ac0,How many fewer years did the batch that brought the total to 120 observed days take than the first batch of 20?,37,https://i.pinimg.com/736x/70/a2/ef/70a2ef171af87a949a016bc0709f7f62.jpg,,12e642b9f867f9315eac1ac08d031f32246d3cdfe82fef0524bca95f9eb9da53,10
RQ-R218,chart_4b5c065298e99e1334237c43,What was the 2009 advertising market share of the media type forecast to hold 38.9% in 2019?,17.2%,,https://www.visualcapitalist.com/chart-slow-death-traditional-media/,4b5c065298e99e1334237c43246d8771d8601d486809de09b72fa4475d64d205,1
RQ-R219,chart_239177d3b3faad9b59ee6bba,What percentage of Twitter's final labeled monthly active user count does the earliest annotated increase represent? Round to one decimal place.,52.7%,https://cdn.statcdn.com/Infographic/images/normal/5764.jpeg,,239177d3b3faad9b59ee6bbae4917c2dd5dbab00ca1933be33b6a58545fe547c,10
RQ-R220,chart_be909ec2cd9c8e0cec0935db,How many years separate the end of the Gold Standard's shown date range and the date shown for Cryptocurrency?,79,https://i.pinimg.com/736x/6a/bc/ee/6abceefd94167b4a04b3afa92b08a030.jpg,,be909ec2cd9c8e0cec0935db60fdcc2b3a1628444a9d42b1b874df482f46254a,10
RQ-R222,chart_5c815c8377d040766468609c,"At $20/day in the upper-right panel, which region has the second-thickest band?",Americas,,https://www.visualcapitalist.com/5-undeniable-long-term-trends-shaping-societys-future/,5c815c8377d040766468609cf29865c0df00ed58d50ace750a611d47a2cce9da,60
RQ-R223,chart_6678be90f5854296c15a9c7f,By how many billions of dollars does Microsoft's market cap exceed Visa's?,1206,,https://www.visualcapitalist.com/tesla-set-to-become-a-top-10-company-in-the-sp-500/,6678be90f5854296c15a9c7f2856c34f5a1ed82ed2c75b6872201808ee4bde8f,10
PV4-R224-1,chart_1d91cb6db84feda17688db7a,"Among the landfills whose numbered map labels are below label 9 and to the left of label 3, which has the smallest capacity?",Butterfield Station,,https://www.visualcapitalist.com/map-where-are-americas-largest-landfills/,1d91cb6db84feda17688db7a6f4ee92fac43cb0db562cb2a43b4f0fecf5c5c4f,60
RQ-R225,chart_b6b2ae629fc0dd0534d969bc,"At the end of the chart, is Google's band above or below all the other company bands?",Above,https://avatars.mds.yandex.net/i?id=5e8debbaeaaa7b0f830d165a18f76e41-5340293-images-thumbs&n=13&w=296&h=180,,b6b2ae629fc0dd0534d969bc5e7f5acd6c8d604cfb90178a00ed2f64ad44ae2d,60
RQ-R226,chart_d527bd519ef286489737fc28,How many more satellites were in low Earth orbit than were attributed to Russia?,1304,https://cdn.statcdn.com/Infographic/images/normal/20770.jpeg,,d527bd519ef286489737fc28ad1ccbe47e0a55a58497d5af89e8add3600c5bc0,10
PV4-R227-3,chart_2e951f567d73cc8354ef157e,How many minutes are assigned to the activity whose downward timeline connector lies between the room-cleaning connector and the connector that expands into four midday activities?,3,https://mir-s3-cdn-cf.behance.net/project_modules/max_1200/bd6be943705217.57f983d176452.png,,2e951f567d73cc8354ef157ed4851f87db9d391ee32b70eb189ced34080e8fda,1
RQ-R228,chart_597409d8f527fd2ab6daa731,"Which phases contain Statement of intent and Pre-launch, respectively?","[""Discover"", ""Deliver""]",https://i.pinimg.com/736x/24/a6/4e/24a64e6865d80ac147d96d58fe5f8604.jpg,,597409d8f527fd2ab6daa731cef99dc753a9f01e186ef37481ec71a43b51edfb,71
PV4-R229-1,chart_c91da1d4a0e78364a4bbcd30,Which stage sits between the stages associated with Payment Confirmation and Regular Updates?,Post-Purchase,https://i.pinimg.com/736x/e1/29/cf/e129cfe3ce054ef00c05d23a500d4240.jpg,,c91da1d4a0e78364a4bbcd307cebeaaa0b0d6b37f98c6aa11db335d30238fbcf,60
RQ-R230,chart_8fc8d75b94c9d8030ed802c6,"In 2014, by how many percentage points did mobile's share of dark-social clickbacks exceed desktop's?",6 percentage points,https://cdn.statcdn.com/Infographic/images/normal/5035.jpeg,,8fc8d75b94c9d8030ed802c61a635ed40927370f37cff81045bcd2779e6e59bf,10
RQ-R231,chart_f2171edee7b05f0b0f9a8f64,"According to the key, what kind of people does the STRATEGY phase call for finding?",Experts in every field,https://i.pinimg.com/736x/10/01/16/100116273436d7161121602758c62bb6.jpg,,f2171edee7b05f0b0f9a8f64d09026364fca1c510ecc5017493903d172f32a86,60
RQ-R232,chart_bdf52a409127ac8ebd74ecff,"Which political party does Scott Peters belong to, according to the chart?",Democrat,,https://www.visualcapitalist.com/richest-politicians-in-the-u-s/,bdf52a409127ac8ebd74ecff5786133c7e168c20d899f38ef17cef8e48b3b4c2,60
RQ-R233,chart_d598c9dbda9e4b252d5949aa,How many percentage points higher is the share planning a vacation with paid lodging than the percentage citing health risks as a reason for not traveling this summer?,41 percentage points,https://cdn.statcdn.com/Infographic/images/normal/27655.jpeg,,d598c9dbda9e4b252d5949aaea90adaf878df46e142a55373db78787267d4bcc,10
PV4-R234-1,chart_fabd89ba5b711c2586dbafed,"Which legend category identifies the annual-standard-of-living series in which retirees are ahead of workers, rather than behind them?",Dont revenus du patrimoine,https://i.pinimg.com/736x/84/04/dc/8404dc749a73461a0ecfee2861e00f4d.jpg,,fabd89ba5b711c2586dbafededa2141acfa21553773c043fe728a6740e071b3f,60
RQ-R235,chart_e8b2c9eab485167921ceb3ab,"How much larger is Greece's debt to the European Financial Stability Facility than its Treasury Bills debt, in billions?",126.8,,https://www.visualcapitalist.com/greeces-debt-and-whos-on-the-hook-in-a-default-chart/,e8b2c9eab485167921ceb3abc0e764916b9a3a14cacdf28eaceec8cff68b8ce0,10
RQ-R236,chart_4c29f8e75c622ed06ca9d208,"In England and Wales in 2019–20, by how many percentage points did the friend/acquaintance-suspect share among female homicide victims aged 16+ exceed the licensed-premises share of female homicides?",9,https://cdn.statcdn.com/Infographic/images/normal/24419.jpeg,,4c29f8e75c622ed06ca9d20877947a8db7eeb353919a3bae65da8415a86de4fa,10
PV4-R237-1,chart_9efc0370a409958208a2be6c,"Among the cars with an average dollar loss below $1,500, which model has the greatest percentage depreciation?",Kia Rio,,https://www.visualcapitalist.com/ranked-cars-with-the-best-resale-value-in-2025/,9efc0370a409958208a2be6cac6acb73c9153180945f0e737fe19a6adadc120d,60
RQ-R238,chart_e731e006ca30678bdd3e651c,"According to the chart’s legend, which region is Bangladesh assigned to in 2023?",Asia,,https://www.visualcapitalist.com/countries-receiving-remittances-abroad/,e731e006ca30678bdd3e651c4d0f1c39d1d0a02d8115df88ec02e4fed9f2c4e1,60
RQ-R240,chart_cd174e5d69120552902249a1,How many times as large was Meta AI's usage share in 2024 as DeepL's in 2022?,3.1,,https://www.statista.com/chart/30003/usage-of-ai-tools-in-the-united-states/,cd174e5d69120552902249a1c478ecfa3588032e9d6f54f99f0732c34a97c638,10
RQ-R241,chart_d601e1e810d61d2b2d763187,"Using the rounded figures shown for the end of 2021, what was the combined geothermal installed capacity of the U.S. and Japan, in GW?",4.3 GW,https://www.visualcapitalist.com/wp-content/uploads/2022/11/VCE-Geothermal-Energy_MAIN.jpg,,d601e1e810d61d2b2d76318781a8295da85d7aa117c37b2cb662546004645f0e,10
RQ-R242,chart_1c16a2fdf6e83ae1e57e64ed,By how many percentage points did the share of women selecting Harriet Tubman exceed the share selecting Hillary Clinton?,10 percentage points,https://cdn.statcdn.com/Infographic/images/normal/17300.jpeg,https://www.statista.com/chart/17300/most-influential-women-us-history/,1c16a2fdf6e83ae1e57e64edd0fc0c909ee0ee2d77c56c1126051e9d2aa1aa19,10
RQ-R243,chart_99b00ca37c0a2b4e20e6aa43,"For Egypt, what is the import share minus the export share passing through the Taiwan Strait, in percentage points? Include the sign.",+3.3 percentage points,https://www.visualcapitalist.com/wp-content/uploads/2024/10/Taiwan_Strait_Trade_Reliance_SITE.jpg,,99b00ca37c0a2b4e20e6aa43073e09655764fc21d1e891e0a741a02f6a279064,10
RQ-R244,chart_d8090e1ae70d6a032a1e8889,How many milliliters larger was the bottle launched in 1985 than the PET bottle launched in 2014?,320,https://i.pinimg.com/736x/d1/b1/38/d1b138ca61f204c93534096ab27135ef.jpg,,d8090e1ae70d6a032a1e88890eca3f41c027fae82f4ebe63a1934efb353cdb10,10
PV4-R245-3,chart_ef35ea7b99db7ea3e03e470e,"Of the industries with revenue shares of 31% and 32%, what is the share of the top 3,000 companies for the one with the smaller patent share?",39%,https://www.visualcapitalist.com/wp-content/uploads/2023/11/Asias-Strongest-Industries.jpg,,ef35ea7b99db7ea3e03e470e584057e55c9d312ae156fa283e7c656b548094de,1
PV4-R246-1,chart_cb2c2860078e0a426b3fd5c1,Which ticker identifies the Financials CEO with a $33M compensation package?,BLK,https://www.visualcapitalist.com/wp-content/uploads/2023/08/Top-Paid-CEOs-of-SP-500-Companies_Main_08112023-1.jpg,,cb2c2860078e0a426b3fd5c18005156b7d15d621816856118ec08901ce18cca2,60
M0006-N,chart_023403c8a8eec43fd54bcaec,Which zone in Region E recovered an amount closest to West Quay's recovery in fiscal year 2023–2024?,C. Line,,,023403c8a8eec43fd54bcaecc4caec343fbe2ae1f49c1025c8f77b00d88d12e6,60
M0007-N,chart_026c0a4384591096d2d44274,"Among fiscal years 2015, 2016, and 2017, which had the fewest total listeners?",2017,,,026c0a4384591096d2d44274d97bd865abe20f87126b506db9d75a0c39c620e2,60
M0009-N,chart_02d1d622b0887d3c40e3aa24,"Which city, Ahmedabad or Mumbai, has higher bike path coverage despite a lower commuter increase?",Mumbai,,,02d1d622b0887d3c40e3aa240cd76357ab84e6f118461f957ea2587eb0750100,60
M0010-N,chart_02fc3e045122f6098a26657b,Which year had a Cultural Heritage Index of 78.50?,2015,,,02fc3e045122f6098a26657b8d0da2d91dc667bb6564b0ee6f48ce290bc4114f,60
M0013-N,chart_03a9803709d31a0c5c606c89,"In 2020, which demographic received more listeners: Gen Z or Boomer?",Gen Z,,,03a9803709d31a0c5c606c89bbf383cdb7da086f7935297190a3c22d684af385,60
M0015-N,chart_043d1b57dd71566c8fac4ea1,Which years have a 28% badge in the Annual Visitors chart?,"2024, 2026",,,043d1b57dd71566c8fac4ea11a19acb1c23ef8e729e02644d40ba8b2346b1829,40
M0017-N,chart_04e45bc1f6bfb147fdd09f33,Which platform other than Amazon Prime had more than 10 million subscriptions in 2020?,Netflix,,,04e45bc1f6bfb147fdd09f3363e50e099b3c30f9357b465080cc773dbe86ed25,60
M0018-N,chart_05bbdb2f29d2f2bfb732876a,Which two months in 2025 have a 54% badge?,"April 2025, July 2025",,,05bbdb2f29d2f2bfb732876a28ba1c1f8df99e4500642dbe9588883725d4d34d,40
M0019-N,chart_06ce1df7ea5faabc376e1e14,Which country's 2016 Atlas ECI ranking equals Australia's 2016 OEC ranking?,Trinidad and Tobago,,,06ce1df7ea5faabc376e1e1464334b887217a1a4a5963ecd5d02c308cb2b87fe,60
M0021-N,chart_078bbb1f87d58eb83ebb5f2e,Which Services categories have a lower return rate than Jewelry?,"CloudStorage, Insurance",,,078bbb1f87d58eb83ebb5f2ea1d7124fca031f6f2678d34fae86bfb5d69a8fce,40
M0022-N,chart_07c0540b9ff3bbb45f86ff94,Which year-to-state connection represents more land loss: 2005 to Texas or 2010 to Florida?,2010 to Florida,,,07c0540b9ff3bbb45f86ff94143afdd6f69b831e6d298be9aaa73974971a8668,60
M0026-N,chart_0b85ff1f0638bfa743b6e208,Which sector has a return rate above 5% for Lockers but below 5% for Courier?,Electronics,,,0b85ff1f0638bfa743b6e2081a628a5bca261794634232e8652b17c38b4e8664,60
M0027-N,chart_0b97a5e1d63224395329fa98,"Which year had imported deforestation of 2,036.32?",2008,,,0b97a5e1d63224395329fa98ba55fdc785b417e0199bc72dcbb4a44e5d5be1db,60
M0028-N,chart_0c1561f0d765d57e62c2fcb1,Which sport accounts for 5.4% of the participant count?,Field Hockey,,,0c1561f0d765d57e62c2fcb108412a2a80253915168640e5215490700245d378,60
M0029-N,chart_0ce23ecb607b8fb0859c543a,Which flight category is represented by the outer segment of each airline's stacked bar?,International,,,0ce23ecb607b8fb0859c543a1d4959e208c04e96495432574fa80fe995f8f442,60
M0032-N,chart_0eef7d429ab6543544571d67,"Among Laurel Heights / Jo, Inner Richmond, and Outer Richmond, which neighborhood occupies the tallest pyramid tier?",Laurel Heights / Jo,,,0eef7d429ab6543544571d67282b321f26693f1858bfe61e0e8de755a80dc76c,60
M0034-N,chart_0f725b316c72f805a1cdd841,"Across January 2025–February 2026, how many months had Southern Cone consumption above 3 kg and Andean consumption below 2.6 kg?",4,,,0f725b316c72f805a1cdd841d0a54c707d934912fcafb7acd2a371888bbf037b,54
M0039-N,chart_11941245036316d4001c2795,"List Nairobi, Addis Ababa, and Mombasa in order from lowest to highest chart value.","Addis Ababa, Mombasa, Nairobi",,,11941245036316d4001c27958a2e134f6060d303f3cd34bfa538e8d41c3ce490,71
M0045-N,chart_15197afb93e4f8437b4c249b,Which facility license number beginning with 290630 has the highest record count?,2906305N,,,15197afb93e4f8437b4c249bf4926afa9e474954c55f9dc2fff36224811613c9,60
M0052-N,chart_1a19a534d6e00208fa20d651,"Between 2014 and 2017 inclusive, in which year did Routine triage wait time increase from the preceding year while Urgent triage wait time decreased?",2015,,,1a19a534d6e00208fa20d65131b65e9a8cc96c3b58ba32481b572fbcfe60831c,60
M0055-N,chart_1be9012a3ce61f45ae457521,Which has more projected market stalls: Inland in fiscal year 2029 or Coastal in fiscal year 2027?,Inland in fiscal year 2029,,,1be9012a3ce61f45ae4575214e76afe142cbe90e28098d29b490244e1a3e36c0,60
M0056-N,chart_1c17f3a43c3d2bd29f159725,Which demographic segment does NGO_Exhibits belong to?,STUDENT,,,1c17f3a43c3d2bd29f1597250522a664b347ade67dcb997282bd6c917e2c2382,60
M0058-N,chart_1c9e3e613848441c3d5fdad2,Which fund code's donut segment is not adjacent to the segment for fund 100?,610,,,1c9e3e613848441c3d5fdad245f477e73b55c59a18d8b75237b424ba1ad25221,60
M0061-N,chart_1d8be759226685ac7ad1af62,What is the reforestation value in the year when deforestation is −90?,60,,,1d8be759226685ac7ad1af62e3fe4071df4afa127217f805d9babf970cc22631,1
M0065-N,chart_21312083de4f5a1a7bb53fa3,What was Open attendance in the month when Restricted attendance was 2.2?,48.9,,,21312083de4f5a1a7bb53fa350e356d0a2ee6917dca722fd8dae4280f30889b9,1
M0066-N,chart_21d62c567bd7314b23d98e84,Which district's recycling rate in 2013 equaled Uptown's recycling rate in 2015?,Industrial Park,,,21d62c567bd7314b23d98e841ac1195399a308a4e078a34bda926aeae7563e95,60
M0070-N,chart_2409616ce084367a35efa117,Which visitor category has a visitor count equal to the combined counts of University Students and Students (K-12)?,Families with Children,,,2409616ce084367a35efa117df91e0ea562c77c13f7560df73373d5c7d7f2b0a,60
M0071-N,chart_24725c6011d4f432804ff616,Which Norway category has the smallest share of relative installed capacity among the Norway categories shown?,Norway Solar Q3,,,24725c6011d4f432804ff616a12d8c1bf4e4b2e06aac1dea2e598bda31701d1c,60
M0072-N,chart_24950736c130ebbdc4b8249f,Which Mercosur commodity group has the middle inflation rate among the three shown for that region?,Dairy Products,,,24950736c130ebbdc4b8249f94430582e23b1af3279e24d8436a5b284142b473,60
M0073-N,chart_24c5efbc240744efcf1ee264,"In what order do Malaysia, Cambodia, and Singapore rank from lowest to highest growth percentage?","Malaysia, Singapore, Cambodia",,,24c5efbc240744efcf1ee264e19f5435f95278e7287deaa778599f7335e2ee8a,71
M0074-N,chart_2510dacce56be9782e61ada7,Which sector has the same incident volume as C. Union?,W.U.,,,2510dacce56be9782e61ada7825095c8726a1fc1913d1424d62ce12056503403,60
M0077-N,chart_26aa3e59e0a888f411174bfc,Which sports sector had lower revenue than Soccer in 2021 but higher revenue than Soccer in 2022?,Esports,,,26aa3e59e0a888f411174bfc1ea9a65cc1f625e3fa36add4c1869674c304b863,60
M0078-N,chart_27f6754343e47358cb2f011a,"Which category, Port or Industrial, has a higher ridership index at 2076 than at 2074?",Port,,,27f6754343e47358cb2f011ad69a2f6cc82a0b80d4eb4e8292e9425c26e8171b,60
M0081-N,chart_289f0e03fbdb8ddcaa6186da,Which state had the larger increase in borrowing volume from 2021 to 2023: Western Australia or South Australia?,South Australia,,,289f0e03fbdb8ddcaa6186dafbbbcc1f68012588f5bef63423e4cbbe0a27c191,60
M0083-N,chart_299b1a8af248482e17afe0bb,Which region's physical loans equal the digital downloads reported for South East?,Mexico City,,,299b1a8af248482e17afe0bb5164d62e2a219a5a3e361d1cd649cbf12240520b,60
M0088-N,chart_2d28072a4721f4829b7d2cf1,Which region's productivity score decreased from February to April 2025?,Europe,,,2d28072a4721f4829b7d2cf1aead1e973a3eb7f96f04846242d0fb2646b2eda1,60
M0090-N,chart_2df2e87c9912b3c2eb8d07b4,Which device type had the larger increase in active subscriptions from 2015-Q1 to 2015-Q4?,Mobile,,,2df2e87c9912b3c2eb8d07b421960a9266dd6c75162f8dffe18ae6c15fd585fc,60
M0091-N,chart_2e60c785a5e634c42f4a9879,In which fiscal year did youth attendance equal adult attendance in 2020?,2021,,,2e60c785a5e634c42f4a9879c9bb09e46ad03f4e2002f48fc93340c5413c2473,60
M0092-N,chart_2e9f34fc92a48b1ace4f5bdb,"Among Osaka-Public, Nagoya-Public, and Fukuoka-Public, which sector had lower enrollment in 2024 than in 2015?",Osaka-Public,,,2e9f34fc92a48b1ace4f5bdb4b3890d30af3f320b52d0c75cea81f83287a537a,60
M0093-N,chart_2f421b0012067225768c206d,Which city has an affordability score of 36.3%?,Montevideo,,,2f421b0012067225768c206daf62e281d463d855721810c87dcde21af0d69191,60
M0094-N,chart_2fb5e46467c82564daae5e55,Which specialties have an average wait time greater than 60 but less than 70?,"Urology, Pediatrics",,,2fb5e46467c82564daae5e55de62a7886b612ef1887ab37e4835b94e72213798,40
M0100-N,chart_3217ce31335af1f8c7a6a5f4,Which region had a literacy rate of 25% in 1700?,Eastern Europe,,,3217ce31335af1f8c7a6a5f4b43269f6b444765441dd793c23ce3b5f3eb8b5fb,60
M0103-N,chart_32e545d71403f661782f9776,How many industry sectors each account for less than 10% of the total incidents?,4,,,32e545d71403f661782f97762f372f7ae2e876534649859aa0e18e530ece76dc,54
M0104-N,chart_3455cbd04406bd1e34897c76,Which port's cargo volume in 2023 matched Shanghai's cargo volume in 2018?,Rotterdam,,,3455cbd04406bd1e34897c766346850e7ab2469da0769b04865394347e670be8,60
M0105-N,chart_358d0b71945624065b0c6ae5,"Between Main Branch and Childrens Library, which facility had fewer average daily visits in 2024 than in 2015?",Main Branch,,,358d0b71945624065b0c6ae55c7a0c0de7b4a2866ec50f60a3d39df41b409888,60
M0106-N,chart_3595578bb5a32ab73c18bd4b,Which festival has the larger share of average revenue: Pukkelpop or Rock Am Ring?,Pukkelpop,,,3595578bb5a32ab73c18bd4b9e3c609dae3c0889ef8fd8bef457d220ebfbc383,60
M0107-N,chart_35d963fdc070424baea43518,How many percentage points higher is the inflation rate for Dairy Products than for Frozen Foods?,17 percentage points,,,35d963fdc070424baea43518367ad3b4c45c1af3d01302e3142dc87a4d81427e,10
M0109-N,chart_361fbc3a4bf8e85dbfe00629,"Order San Francisco, Amsterdam, and New York by net sales growth, from lowest to highest.","New York, Amsterdam, San Francisco",,,361fbc3a4bf8e85dbfe006299847f1f68ccfb9b1fee90e7cda2a3bb7a7dafe2b,71
M0110-N,chart_36e275b3c2a7789c8223b27d,"Which has a higher on-time rate, Air Asia or Malaysia Airlines?",Air Asia,,,36e275b3c2a7789c8223b27d4810b6ff1b3e3f42bd27f506dbcf3add655dd86d,60
M0114-N,chart_385f3e39a21cd91b49621139,Which country accounts for 5.5% of the plastic recovered?,Chile,,,385f3e39a21cd91b49621139cee3e1ea91e9781120683ebf36808a51e2f23cd9,60
M0115-N,chart_389317c8a8f4d59043aa4fe7,In which year before 2020 did VIC have the same visitor count as NSW in 2022?,2016,,,389317c8a8f4d59043aa4fe789177a48cdd23ac312090523543014506d087214,60
M0116-N,chart_391c998fef83c28995b2e2a7,Which year group contributes more capacity to Ecuador: 2015–2016 or 2019–2020?,2019–2020,,,391c998fef83c28995b2e2a70c5efce73b2748fd30cd64b16a80a33f001ed7e9,60
M0117-N,chart_39bc2776b3c986b4dd281464,Which state had a shorter administrative wait time than PR in Q1 but a longer wait time than PR in Q2?,SP,,,39bc2776b3c986b4dd2814649b33a5e0cc6a9aa534a13c5105ebcc83f6f9207f,60
M0118-N,chart_3ada1dd52599e8248f04a248,Which other country has the same net official flows from UN agencies and IAEA as Lebanon in the 2023–2024 chart?,Afghanistan,,,3ada1dd52599e8248f04a24853bad990de892314c6474562962f7bafff206af6,60
M0130-N,chart_3f7d891137743ae277e275a9,"Which of Crunchyroll, Hulu, and Prime Video has both the shortest average view time and the highest retention index?",Prime Video,,,3f7d891137743ae277e275a97496ea243787ab3e9a13c4ea40147646c0b3f360,60
M0132-N,chart_40a9c32edab379f52b03968b,Which Mediterranean park has annual attendance higher than Abisko but lower than Vatnajökull?,Pindus,,,40a9c32edab379f52b03968b0329c24423294fb70323e77d54f97955eca74063,60
M0133-N,chart_40c19018f6295616cc7baeb9,Which two plotted years have a maximum fuel efficiency of 28 MPG?,"1985, 1995",,,40c19018f6295616cc7baeb9b9ae3ba1b071f9d8f00c680ae6b02569e4d765f0,40
M0134-N,chart_410e5043a136d057213b2e53,Which other carrier has the same displayed donut-chart percentage as Network Aviation?,Western Air,,,410e5043a136d057213b2e53025aa61622e6f1c9b04c0e81ceb14ad7c9d38f0f,60
M0136-N,chart_41691232490f16f8f95dac18,"Among Archives Access, Language Classes, and Video Streaming, which service has the middle access frequency?",Language Classes,,,41691232490f16f8f95dac18bd6fec503ed85685ae4e238b434ef1f02e99bef7,60
M0138-N,chart_41f9225f5d1f5b7b5063adc5,Which two categories have slices immediately adjacent to Miyagi's slice in the pie chart?,"Iwate, Akita",,,41f9225f5d1f5b7b5063adc5a14ad767b6156de9f8c4afe397c085164a3036ed,40
M0140-N,chart_454e4b54d2acc4b2996a5292,What was the Premium subscriber count when Basic had 59.3 thousand subscribers?,29.8 thousand,,,454e4b54d2acc4b2996a5292ac6847f0f8783dd015feb8565bf14de1c4d9013c,1
M0142-N,chart_45e8ed2a00c39a753f7983fa,In which year did Boutique's revenue equal Large Scale's revenue in 2021?,2025,,,45e8ed2a00c39a753f7983fae6fa59cfa5b65e7cba17a63e15e649e12d0f5f40,60
M0143-N,chart_45f25794c7e314166dd45dcb,"Between 2016 and 2020 inclusive, in which year was WWF's funding percentage below 20% while Conservation International's was above 12%?",2019,,,45f25794c7e314166dd45dcbe00e6dbd89ef47ec84a502201f442beb94ff84cf,60
M0146-N,chart_473734ef23559d80dad910d5,Which sector had a performance index of 80.2 in 2022?,Healthcare Admin,,,473734ef23559d80dad910d50f25c0a340996c40284e7cbd0eeea5f93923eb3b,60
M0150-N,chart_48910ec1a2e657e78a601283,Which city corresponds to the 5.5% label in the donut chart?,London,,,48910ec1a2e657e78a601283359d2fc93a646aedb0ce76395cce0f3a02f194f9,60
M0151-N,chart_491a087ecd624e3e81e10ab1,Which region had the larger increase in metric tons from 2015 to 2018?,Northern,,,491a087ecd624e3e81e10ab1a67c2146ed64f85724cc8c668fbf6290c437b07f,60
M0152-N,chart_4925496355c9e71dc2a004cc,Which Temperate region has per capita consumption strictly between Poland's and France's?,Czechia,,,4925496355c9e71dc2a004cc42c4bc142df1f1b93ab1bc07240ea351a102a51c,60
M0153-N,chart_493cfc025e120387d8662f06,Which other platform has the same annual revenue as Apple TV+?,Pluto TV,,,493cfc025e120387d8662f06c1213616089b7082053f71851254886f8cef8bdc,60
M0159-N,chart_4dc5898a76031bd003e8989c,In which year did Tier 2's affordability index first exceed 4?,2021,,,4dc5898a76031bd003e8989cef39e50b9d9c1c25c037ac97ca92501685301a16,60
M0160-N,chart_4ded7df0e52b75c717d81bf3,Which two labeled years had the same armed forces personnel total?,"2013, 2015",,,4ded7df0e52b75c717d81bf3cd7b9ccc4493d118c36c9b9e041362532277dae4,40
M0161-N,chart_4e0c78da6a79dbb6da4306bd,Which category's donut segment lies between the segments for Hampi Utsav and Sunburn Goa?,Desert Fest,,,4e0c78da6a79dbb6da4306bd9b747393b01e9b545923461cad8048cf46ed4e8d,60
M0162-N,chart_4e8804a35877c7e48114c5c2,Which two sectors immediately flank Education in the circular chart?,"Media, Retail",,,4e8804a35877c7e48114c5c21f2c9a2bc20651f73363f69f62a880225c5a86d5,40
M0163-N,chart_4f6e2a55f5bbb55af28965c8,Which provider received more subscriber growth from 2024: Disney+ or Stan?,Disney+,,,4f6e2a55f5bbb55af28965c88123ca7d2cabfcef178f51e5a1be6019a4b88c72,60
M0164-N,chart_4fec888937911130ea47a1ac,"Among Toronto PL, New York PL, and Shanghai PL, which library system has the most daily visitors?",New York PL,,,4fec888937911130ea47a1ac154b660ed9e7bc5e19a6268ca78408b158fc1dd7,60
M0167-N,chart_5154bb804cbae136da1f77a2,Which training module has an oxygen consumption rate of 1.2% at 20 minutes?,Tool Use Simulation,,,5154bb804cbae136da1f77a29dc7004e820716a02dbf1b029a87f065e26b2d1f,60
M0170-N,chart_52821521778df836211eaf59,"Order Osaka, Sendai, and Nagoya from smallest to largest share of daily users.","Osaka, Nagoya, Sendai",,,52821521778df836211eaf595a64b4bba1ca843a73ae698f6643684a4d2ed68e,71
M0171-N,chart_52a5625d830281aa8c1012e2,"Among January through May 2023, in which month did Pants first have an engagement rate above 2%?",2023-03,,,52a5625d830281aa8c1012e26848492f5396a4b769450be457bba133718d2a29,60
M0173-N,chart_539d16b77aa7156a27bcab59,"Which has the higher market share, Biomass or Solar PV?",Biomass,,,539d16b77aa7156a27bcab59fd78332f0e9f87cd265eae406db6885a02346e69,60
M0174-N,chart_53ed4b40306a79cae45e8bbd,"Among the regions represented by a bell icon, which has the highest female employment rate for ages 25–34?",Arnsberg,,,53ed4b40306a79cae45e8bbd8421912519d166e82a8903b5ccdfb25c339dd64b,60
M0176-N,chart_54fc8bf9aa7b80869561cc71,Which food category had a February 2025 inflation rate equal to Dairy's January 2025 rate?,Bakery,,,54fc8bf9aa7b80869561cc7125bd2ce2dc254c5155a96ccb35c1e3e5f07382f0,60
M0180-N,chart_5605d49928723c4d85bc5c95,Which facility type has both of its displayed Q1–Q2 2024 wait times longer than both Private General wait times but shorter than both Public Urban wait times?,Public Rural,,,5605d49928723c4d85bc5c95dff2f0954cfd512b34f6ab931cbd62b2740d9d96,60
M0181-N,chart_564fce193da9baaeb049d06e,"Between March and April, which month had more new users in Uganda?",April,,,564fce193da9baaeb049d06ec6b0df52f14e6bd7bee9a12052521a3578bf3b55,60
M0182-N,chart_5652f093125580b3d2878140,Which sector's funding volume decreased from 2019 to 2020 and then increased from 2020 to 2021?,FinTech,,,5652f093125580b3d2878140f599f2074c63d9adf439c8432ca4bdf2598fe703,60
M0186-N,chart_5706ae31af39ece09f4bbc77,"Of the parks whose chart slices contain a red gate icon, which has more monthly visitors?",Fuji-Hakone,,,5706ae31af39ece09f4bbc77237b940a764dc0959dd6f593d988e7b3c42cde38,60
M0187-N,chart_5767c5b58c891b2ae8fd90af,"Order Kinabalu, Pu_Mat, and Kep_Park from lowest to highest visitor count.","Pu_Mat, Kep_Park, Kinabalu",,,5767c5b58c891b2ae8fd90afa9311507b82da4e5b2dca55e417cefb9ba1fbfc8,71
M0190-N,chart_57ad6322cb5e3081ca9ebe1d,In which year did Seasonal visits have the same visitor share as Overnight visits in 2020?,2022,,,57ad6322cb5e3081ca9ebe1dcd445c10d2ab34d5d812d104cd72c02fdb5d844d,60
M0191-N,chart_5809dd6251140b01cf2775de,"Between Denmark and Finland, which country has higher app usage for Youth but lower app usage for Urban residents?",Finland,,,5809dd6251140b01cf2775de738d1d0b69f021a355cd5160021c6d599dd51406,60
M0192-N,chart_58b6601838cf0e49320a628a,"Which visitor category's cell shares boundaries with both Staff and Influencers, but not with School Groups, in the circular chart?",Critics,,,58b6601838cf0e49320a628ac8f07e3a5785f5610bb7b9aa3a9451d8bf70e7db,60
M0193-N,chart_58c0f9704dc40de0c830fa3a,How many different years are connected to AM by usage-index flows?,7,,,58c0f9704dc40de0c830fa3a010bd8a5c273311669fd01caba601f8ed365f351,54
M0198-N,chart_5b4e1f7ea389c6659c49e0e7,Which Standard-tier airline category has the lower on-time arrival rate?,LowCost-Domestic,,,5b4e1f7ea389c6659c49e0e7830ad5c4e80acfbd1069ba89a6084ff34d0206ee,60
M0200-N,chart_5d43f3f9dbd41241f49d5e4f,Which other country label is paired with the same flag design as Ireland in the chart?,Germany,,,5d43f3f9dbd41241f49d5e4f96d3821495a8744be3443824bf39cdb3f80f503a,60
M0201-N,chart_5d4a92f84995ebe943d78fa7,Which category has 6.2% as one of its two displayed return rates for Q3 2024?,Toys,,,5d4a92f84995ebe943d78fa70ea33277909e5ad4c6300396b9cc5967ac4d01f2,60
M0203-N,chart_5e18baec06f3aefd920458a7,Which hospital hub has an average patient wait time longer than SP_Pediatric but shorter than SP_General?,BH_Regional,,,5e18baec06f3aefd920458a7655c707eea1c03a58137e75169b43a84a5cb8452,60
M0205-N,chart_5edb3b785cc1e293b8c26f0e,Which bird species has a projected habitat area between 40 and 60 in 2035?,Eastern Bluebird,,,5edb3b785cc1e293b8c26f0e1a389fb3cc21d71992f7d28a451cd3e4332c1cc0,60
M0210-N,chart_5f77e32227977a865c578700,Which reporting area's slice is immediately adjacent to both F05012 and F05004?,F05015,,,5f77e32227977a865c5787008032eb65b57490dd7ad1887152e7623b9cd50adf,60
M0215-N,chart_634748dd021bb14e61dc223c,In which fiscal year is Clothing labeled 21% and Electronics labeled 8%?,2023,,,634748dd021bb14e61dc223c56ad6357701b3d008cca4d22f829e9c43121a698,60
M0217-N,chart_651a970eb30c6063e097c607,Which service provider is represented by the donut segment labeled 3.7%?,MUBI,,,651a970eb30c6063e097c607acc55da000f041d5db6e2324c1271e3dd807bb40,60
M0218-N,chart_66199f5a0791c8cfe33b7220,"In 2000, which country had an urbanization rate higher than Indonesia's but lower than the Philippines'?",Thailand,,,66199f5a0791c8cfe33b72206ad17d72535b7b6aca4bb946f6883207070e19d2,60
M0222-N,chart_6828290eea55e924797630ab,Which location's February 2025 funding equaled Asheville's January 2025 funding?,Missoula,,,6828290eea55e924797630ab0a830912b6565fded3e59ccd4070d7f015270070,60
M0231-N,chart_6eb2a54303c2d615ea289629,Which usage-intensity category contains the 2020-2021 year bracket?,High,,,6eb2a54303c2d615ea289629aedd4432e11a61928f20dff90deec430b9c90471,60
M0235-N,chart_724fba6fd5ba90a8513328ef,Which podcast genres had between 10 million and 20 million listeners in 2020?,"TrueCrime, Education",,,724fba6fd5ba90a8513328efc4838f090955709c9a3dbcd78632356861600309,40
M0238-N,chart_72d5fd569cb5445b2683d777,Which region had the second-highest literacy rate in 1550?,Southern Europe,,,72d5fd569cb5445b2683d7771a5e12d37ebf3c30fd722f902f62cb594534a22d,60
M0239-N,chart_73ca27b238827236c11e04d9,"Which group, International or Seniors, had higher visitor volume in Q3 but lower visitor volume in Q4?",International,,,73ca27b238827236c11e04d9d0656cb0002c30392223f9b945bd6f88d2e37568,60
M0240-N,chart_74265b6b34af50a69c42b6ab,Which sector has an income inequality ratio of 16.5 in one of its regions?,Engineering,,,74265b6b34af50a69c42b6ab0dca26d01f383f528ba19c28f289610b0b48980a,60
M0241-N,chart_743d1af2c60e2608e386cd98,Which city receives the larger cyclist flow from Q2: Toronto or Chicago?,Toronto,,,743d1af2c60e2608e386cd98d6a48d91d614648cf79d22aaf69945520886a3d5,60
M0242-N,chart_74768b568da78c22230a72b7,"How many Premium subscribers does the service with 5.6 million Standard subscribers have, in millions?",7.1,,,74768b568da78c22230a72b7ffd2d6ca3b0de6fbeffae92b9468ca695b23cde9,1
M0244-N,chart_747f969de30bb37b7017994c,In which earlier year did domestic enrollment equal international enrollment in 2022?,2003,,,747f969de30bb37b7017994cfb66c04cabee89a5a6b626da906243ba63ae56e9,60
M0246-N,chart_74ae8c187fe08215564bc9cc,What is the International revenue in the same 2024 column as Local revenue of 1220?,140000,,,74ae8c187fe08215564bc9cc24bce149bdc971e839e0e7ef70caa9a7958315da,1
M0248-N,chart_75b09a4b063ab35c87649610,Does Clean Tech send more funding to Global or to East?,Global,,,75b09a4b063ab35c87649610b1236018e1003067ee474f3614b30db91f7ed999,60
M0249-N,chart_76dc6210e5282b99f712c446,In which plotted year did the Prescription Monitoring Program have the same average deaths per year as Naloxone Access had in 2010?,2014,,,76dc6210e5282b99f712c446b5b2c1ef01f5eb06d3a22852494a87220fcd3701,60
M0250-N,chart_771604b15d11cf1b4d33161f,"Rank Mwanza District, Entebbe Center, and Mombasa Port from lowest to highest growth percentage.","Entebbe Center, Mombasa Port, Mwanza District",,,771604b15d11cf1b4d33161f27325f6d7a0fdae1570c38cf8a6eb298cf506458,71
M0252-N,chart_77c92c1f2ed20fc4fb0e3314,Which is higher: the True Crime growth rate in 2025 or the Education growth rate in 2030?,Education growth rate in 2030,,,77c92c1f2ed20fc4fb0e3314efe3dfb8bc8d80239b7ef1c5629d95bbf9d20d18,60
M0255-N,chart_79ef676371b5eee6af86f3f8,"For the platform with the highest usage proportion among Millennials, which generation has the lowest usage proportion?",Gen Z,,,79ef676371b5eee6af86f3f8d90ded5acf07ee6803d23b9e14a63046305fed85,60
M0256-N,chart_7a10dc128918a588f8398e9c,"In the Q1 vs Q2 2024 comparison, which game has the higher displayed peak-viewership figure: Dota 2 or Rainbow Six Siege?",Dota 2,,,7a10dc128918a588f8398e9c29aeb27ecd5639f3d7bd17ef09652aa575390ba4,60
M0257-N,chart_7ae031de645cb6e56b1e48f4,Which country uses a larger percentage of its total freshwater withdrawals for industry: Belarus or Azerbaijan?,Belarus,,,7ae031de645cb6e56b1e48f45febe3f627abdc939b42b761dbcf50f89cb62af7,60
M0262-N,chart_7c97f4a25fee803f0bea74c4,Which Silver-tier hub has fewer average monthly digital access hours?,Dodoma Annex,,,7c97f4a25fee803f0bea74c4d4018bfbdb0a2e4078a012f55994afa9020c01f4,60
M0265-N,chart_7e1cfb5929a2cd458aa7465f,How many index points higher is the inflation index at 2025-Q1-2 than at Q1-2?,36,,,7e1cfb5929a2cd458aa7465ff23782a3688911a92940a201195ee67ab09ebfb8,10
M0266-N,chart_7eb2515cd2e79a0a83ab2e8f,Which festival category had the same gross revenue in 2021 as Folk had in 2022?,Jazz,,,7eb2515cd2e79a0a83ab2e8f5100741a90000399db47408da498f8a618be98b7,60
M0270-N,chart_7fd95feccbb8e039a34d2dd3,Which energy source accounts for 8.4% of new capacity?,Biomass,,,7fd95feccbb8e039a34d2dd3f86f149581d71695af2afd45d551659e7cdce857,60
M0276-N,chart_81d381d142db673e6d5afc31,Which city's cumulative energy reduction stays at zero from 2010 through 2014 before increasing?,Mumbai,,,81d381d142db673e6d5afc31a0ecf5b799e4ddcb97a4f0e246d158cae98845fd,60
M0280-N,chart_8415d1bac9d59b9ed310355c,What is the Passenger sales volume in the year when Commercial sales volume is 389?,498,,,8415d1bac9d59b9ed310355c6ac94572eecac7e4ea5c7426dfaebbd92fd5d1ca,1
M0281-N,chart_857c3f1be6c9b9497f21b8bc,"Among cities in the Low affordability tier, which has the highest average annual income?",New York,,,857c3f1be6c9b9497f21b8bcf6ef86d6d79cdb4c5212561441e44c283e7272b0,60
M0283-N,chart_8674e12fb09b2c409c6c1dab,Did Sports Sim viewership ever exceed RTS viewership during 2014–2024?,No,,,8674e12fb09b2c409c6c1dabaa6da9c9f5aafc280a709085fdd5b93bbfbe304f,13
M0284-N,chart_8685d3dde4046d1a869134f8,"Which year had the higher Human Rights Protection Score, 2013 or 2014?",2013,,,8685d3dde4046d1a869134f84079c15debf8d05fed51387ed95b1b244203b95b,60
M0285-N,chart_878f2d5835a6879fd9b66671,"Among the districts with one seat, which district’s donut segment is adjacent to both District 117 and District 124?",District 123,,,878f2d5835a6879fd9b66671425065c5f2ad3e1f7c99dbfa870a8ee1363000c5,60
M0286-N,chart_87ea9aa8d6a07a1e244093e7,"List Accounting, Graphic Design, and Translation Services in ascending order of Productivity Index.","Graphic Design, Translation Services, Accounting",,,87ea9aa8d6a07a1e244093e7071c1e79936c2e462cd01fe9cc550a7bbb4c2684,71
M0288-N,chart_887da05e264e5410eadb54cd,"Among the age groups 55–64, 65–74 and 75+, which had the largest increase in average daily screen time from 2015 to 2024?",55–64,,,887da05e264e5410eadb54cd457058afda276cf67600f601656ada04c043169e,60
M0289-N,chart_8924bfdad3742d286c9953e9,Which election years shown had voter turnout below 50 in the series without influencer endorsement?,"2008, 2011.",,,8924bfdad3742d286c9953e9fd5b4719d7850de0fe941777b61f647f912479a3,40
M0292-N,chart_8c071547e4f39178ff2e2cd1,In which year did Eastern have the same displayed participation value as Western in 2022?,2024,,,8c071547e4f39178ff2e2cd10b5fd8db4ffd72abaaaaeb91620bca6c2fd12bc9,60
M0293-N,chart_8cbf462c9d52391ed00c25cc,Which coastal region recorded 9.8K volunteer hours?,Gulf of Bothnia,,,8cbf462c9d52391ed00c25cc218fb7c27f4ead9c9f94100733ca32ce874e1bbb,60
M0294-N,chart_8ce2daad06eac6d8bf312b88,"Among the years when Low-Cost performance was 77%, which year had Full-Service performance of 80%?",2025,,,8ce2daad06eac6d8bf312b88680a7ea3cbfd6e63285fcf0a7eeda199fe54f293,60
M0296-N,chart_8e1050a1ffa6130b7e160625,Which platform type does the inner band of each category's stacked segment represent?,Premium,,,8e1050a1ffa6130b7e160625dfcf3c5c3eba8ff2784b2bb5ccd55a953ea711ca,60
M0297-N,chart_8e2f0b2864caba6709351671,Which country's pie slice is labeled 4.1%?,Burkina Faso,,,8e2f0b2864caba6709351671fe26425dabea7398211dd22d9a66ad32800e34bd,60
M0300-N,chart_90cf377d3335693ca1c42f3e,How many days longer is the wait time for C. Care in East/ority than for C. Care in West/ority?,7.3 days,,,90cf377d3335693ca1c42f3edb26542997bf16e263ae61f765d134ea3a15a448,10
M0301-N,chart_90dfa78092553dbac13797c5,"Which year had the higher labeled gender wage gap, 2012 or 2013?",2012,,,90dfa78092553dbac13797c5e50bbaeb8635018019c2956793590b8592fcfa41,60
M0302-N,chart_90e4e2177ba92486b8239d2d,Which city zone has a weekly footfall value of 4?,Central Urban Core,,,90e4e2177ba92486b8239d2d04747f2b4625fb63aa4ebd232308c57a9fe8a743,60
M0304-N,chart_910db5125545a59e8bd84785,Which country recorded 95 incidents in the same month that Denmark recorded 58 incidents in 2025?,Finland,,,910db5125545a59e8bd8478552d099dbb026e3e818845a6d157019a8fd008010,60
M0305-N,chart_9111a85eb829a4e7bcf732c1,"Among the parks with fewer than 100K annual visitors, which has the higher conservation cost?",Purnululu,,,9111a85eb829a4e7bcf732c11e2412c21cb98372b02fa15e8452cc9ae5a1a4d6,60
M0311-N,chart_92d30e63d1878ebf697e27a2,Which neighborhood has the same inspection count as Harvest Hills and shares an edge with Copperfield in the treemap?,Auburn Bay,,,92d30e63d1878ebf697e27a248d2711c2dcf7762f63d8830af6b3b444520c2e6,60
M0312-N,chart_938ceecc338a1ab8e6cbbfae,"For Jul-25, which corridor receives more traffic: IPANEMA or BEIRA-MAR?",IPANEMA,,,938ceecc338a1ab8e6cbbfae649dfce30848056bfa990ae33a2d338a8add2a07,60
M0315-N,chart_942c15129334f2fe91dafbf4,What percentage of records belongs to the credential category illustrated with a test tube rather than a flask?,25.0%,,,942c15129334f2fe91dafbf4b1dbc56e199c8248f6969ab758b28688beef7d8f,1
M0317-N,chart_9535c0e4e4d98467e92d3ad8,"Rank Swimming, Basketball, and Volleyball from lowest to highest average weekly participation.","Basketball, Volleyball, Swimming",,,9535c0e4e4d98467e92d3ad8c5b9bf728a094fb34b1e3018a345ae645c7f7ca6,71
M0319-N,chart_959bd2c122a1cf0eeca51eea,Which event year's pyramid segment shares a boundary with each of the other two years' segments?,2025,,,959bd2c122a1cf0eeca51eeaef997572f4f2b95af7a2005daea75beff6f5cbd8,60
M0320-N,chart_964e54f283284bc1787d98c9,Which street had an average noise level of 58.5 dB at 10 PM?,Pine Lane,,,964e54f283284bc1787d98c981c159f33237e9aab289b259cf10bbf24f617bfc,60
M0321-N,chart_97a29e631b1613cf41d58331,Which category had a 2021 return rate equal to Groceries' 2023 return rate?,Electronics,,,97a29e631b1613cf41d58331ead0b9f0c05fd765765c9639c382437a35bb7aac,60
M0323-N,chart_97df2bf883287de2fa171415,Which country had an annual average inflation rate of 7.8% in 2022?,Italy,,,97df2bf883287de2fa17141594ebba4aaad4e7d1d158930b88f16ba91fcc1919,60
M0325-N,chart_98a60f3673201f988c48e73c,Which region's March 2025 sales matched Southern's June 2025 sales?,Nordic,,,98a60f3673201f988c48e73c057a594b87584aa89f699c3025b83c7e2511246f,60
M0326-N,chart_98d8bbf78d825d3b941d2adf,Which had higher participation: Basketball in 2020–2024 or Football in 2015–2019?,Basketball in 2020–2024,,,98d8bbf78d825d3b941d2adf988b100696b180ea622a54b5fcb679e13c5fdd6b,60
M0327-N,chart_995fd15a3fe273d6bec4af98,Which states had vendor counts above 50 but below 100 in 2020?,"VIC, QLD",,,995fd15a3fe273d6bec4af98a30aa415e07818f578bf4fb07a54a030475ce59a,40
M0330-N,chart_99f2d8b5847b7319c8158d7a,What are the two inflation index values labeled 2026?,"12.8%, 12.5%",,,99f2d8b5847b7319c8158d7a41e861a471ffacd40ba5b547bebf0555bae60f0e,40
M0334-N,chart_9ae84be2dc0043957107c242,Which region has the higher average intake: Pacific Northwest or Southwest?,Pacific Northwest,,,9ae84be2dc0043957107c242e6b650a500c9e752892351a9d4fd7482e5373bd9,60
M0337-N,chart_9bdfca34e8692892b0e17990,Which generation's normalized consumption count in 2022 matched Gen Z's count in 2020?,Gen X,,,9bdfca34e8692892b0e1799011e93c2a0d8035832b8e4efec2a58a88a46631ff,60
M0339-N,chart_9de00176b98ca79d23d85934,In which year were E-book sales 40.5?,2018,,,9de00176b98ca79d23d85934efc75f710c645b430477e419ee15d569f5f540e2,60
M0340-N,chart_9dfa7ea17fb8e1a5333a51ed,Does the connecting line rise continuously between the labeled 21.3% and 25.1% observations in 2025?,No,,,9dfa7ea17fb8e1a5333a51edfdf86f5948ee99c534f7075562a7af6160543cc5,13
M0341-N,chart_9e186b7eaf38de5b42fc4b53,In which year were GHG emissions per capita 11.1?,1983,,,9e186b7eaf38de5b42fc4b53eea81956b3a86419c48a363ececab9d0618b5f80,60
M0342-N,chart_9e63e255747030e8c8ba3202,"Between Lima and Sao Paulo, which metropolitan area has the larger percentage in the pie chart?",Lima,,,9e63e255747030e8c8ba3202d0af7d21c75a3a29e5fc4ee8868283dccde6e7b6,60
M0343-N,chart_9e66248584766db34571e539,"Rank Bossa Nova, Funk Carioca, and Forro from lowest to highest average revenue.","Forro, Funk Carioca, Bossa Nova",,,9e66248584766db34571e5397113a1288c1026b953f6c12e79a9fb6e431bfbe5,71
M0345-N,chart_9f4a8064b6492bf8fc0f2b8c,In which year was the urban cyclist count 670?,2009,,,9f4a8064b6492bf8fc0f2b8ce53c330224ab8b4ab47cacc8ceda59576131d8de,60
M0346-N,chart_a04bd1974b5a7eeb1fb3a035,"List Kyoto, Nagoya, and Okinawa in order of increasing expenditure.","Okinawa, Kyoto, Nagoya",,,a04bd1974b5a7eeb1fb3a035f725b305f2916f4a4159f87b5c04495370d3f836,71
M0347-N,chart_a0f949e8e5d8edc6d390726d,Which of Healthcare Staff and Hospitality Staff is classified as High Usage?,Healthcare Staff,,,a0f949e8e5d8edc6d390726df27fbe0314e232fa19fac8e649c171763a02cdc4,60
M0350-N,chart_a2eec9a49a18385f842ae08f,Which location segment has the same Luxury Fashion year-over-year sales volume change as the Mass Market Fashion change for ages 55+?,Urban,,,a2eec9a49a18385f842ae08fd697ffa1a8d976d1d5104ca05d32b7f6c091e5fa,60
M0354-N,chart_a4c9146546140693279bc023,"In 2023–2024, what was the public-school average test score in the neighborhood whose homeschool average was 82.3?",78.9,,,a4c9146546140693279bc023c51ade73bf97706975f711e31b783aa2a57f1d20,1
M0359-N,chart_a80f165d165fa66699bf77ca,How much higher was Domestic Metric_Value than International Metric_Value in 2021?,25,,,a80f165d165fa66699bf77ca7e8d29f8a6cc0378669f28372c2d0c37e3f72862,10
M0365-N,chart_ab13bf473e1644dbc7226c68,Which genre accounts for a larger share of listener growth: Business/Finance or News/Politics?,Business/Finance,,,ab13bf473e1644dbc7226c6847e611d3c50ce816a3ddde4a7473a5ee81405c2a,60
M0366-N,chart_abd5120a9a05d2b5c310c58e,Which South American airport has the middle on-time arrival percentage among the South American airports shown?,São Paulo Guarulhos,,,abd5120a9a05d2b5c310c58e596beba6b763c4013b59ef94fed60829ca7196ae,60
M0368-N,chart_adadb7fc851de5c42f4a5549,Which category's cell shares a boundary with both Watches and Fashion in the circular chart?,Jewelry,,,adadb7fc851de5c42f4a554911022ef1b90caacf7ed6520ef1afe4560fb76f3a,60
M0372-N,chart_ae64ecd460762b8b08c2c405,How many percentage points higher is Germany's reported risk of poverty or social exclusion than France's for females aged 16–24 in the 2023–2025 chart?,2.1 percentage points,,,ae64ecd460762b8b08c2c4059700b7cea86950d08c25c575b27db4cd03a13c50,10
M0373-N,chart_af3b24053e5fc8af8ceda9fd,Which region has higher mortgage availability in 2024: Alpine Region or Northern Europe?,Northern Europe,,,af3b24053e5fc8af8ceda9fd61c35bdf663d128e2ae43f993ed25cf32daaf077,60
M0377-N,chart_afe7335926cbb2a82209d000,"Among Chiang Mai, Kuala Lumpur, and Singapore, which city has the highest annual market footfall?",Kuala Lumpur,,,afe7335926cbb2a82209d000b0a7f5f1f3c8ff5daf01a3e0d6c1a2f5b8e2f833,60
M0380-N,chart_b1e1cb4475ad65547e4b3cf0,Which individual countries have a one-adult household poverty-risk percentage strictly below Belgium's but strictly above that of the Euro area—18 countries (2014)?,Austria; Italy,,,b1e1cb4475ad65547e4b3cf0dd891593cf00d6866ed09304af6db61fbe72453a,40
M0382-N,chart_b1f0d4451063649f5e7b906d,Which two regions have sectors adjacent to Alaska’s sector in the chart?,"Northeast, Pacific Northwest",,,b1f0d4451063649f5e7b906d48637a5395be727da2f77c30ba0225fcc2f812f4,40
M0383-N,chart_b2c853aac49c97e9bfad0733,"Which area has the largest price change among Ballarat, Bendigo, and Cairns?",Ballarat,,,b2c853aac49c97e9bfad07332cb03154e930bbdb7d0dba3482df5477dccba717,60
M0384-N,chart_b2cd36357b85bb85ed6f7b09,Which two airlines had the same on-time performance value in 2023?,"Qantas, Alliance",,,b2cd36357b85bb85ed6f7b09a16c077b3a62d8bf1c1dab874d68369b309ee29d,40
M0392-N,chart_b8f16a4e786e3894c4cad9f2,"Among Helsinki, Odense, and Trondheim, which region has the highest relative affordability percentage?",Odense,,,b8f16a4e786e3894c4cad9f2d4807bdb6ac4a35a976ed616b842bbaf8b10961f,60
M0393-N,chart_b9ac0da22e4717573df5b981,"Among 2018, 2019, and 2020, which year has the lowest inflation index?",2019,,,b9ac0da22e4717573df5b98103880d34d0cdc5d05900b43c99d6808681197451,60
M0396-N,chart_ba68e631e8f4d43f7129af16,Which service tier in 2020 had the same number of subscribers as Family in 2022?,Premium,,,ba68e631e8f4d43f7129af16a4b92e7b5203be16915cae9174ea00691e722d05,60
M0405-N,chart_bee1c9ce32b3e36293e0f746,"Which country has higher undergraduate enrollment growth, Chile or Peru?",Peru,,,bee1c9ce32b3e36293e0f74623807cc452f736a46ec0579aabc51f49f0a41c97,60
M0409-N,chart_bff3278421a2435d91cd407f,Which productivity-index series decreased from 2021 to 2022 while the other two increased?,Corporate,,,bff3278421a2435d91cd407fd46861b3c9e4aa19d92147eba1e9d67a4cd721e3,60
M0416-N,chart_c26a4ae62f76cc3dd79a2640,Which country has a Facility Access Index of 83.4?,Belgium,,,c26a4ae62f76cc3dd79a26406d5c4de9d78b0643ad79e984dc520a94cb5e429a,60
M0419-N,chart_c2a2abda60f67e4b82276787,Which festival categories have operational margins above 60% but below 70%?,Heavy Metal Gatherings; Electronic Dance Events,,,c2a2abda60f67e4b82276787376b218834ae45b6a2d8aaa53e50246425e93294,40
M0420-N,chart_c2aa3ec90ed87da3a999a8a1,By how many points did the affordability score decrease from 2024 to 2025?,1.7 points,,,c2aa3ec90ed87da3a999a8a1e8477a38ac7629e80ccce583df61f7edf5b8867f,10
M0421-N,chart_c2d9e2abcba912b10e7570a0,Which work arrangement does the inner segment of Finance's stacked sector represent?,Hybrid,,,c2d9e2abcba912b10e7570a07074247e99814a9b455f39069986f5c3fb2f84d2,60
M0425-N,chart_c570211054429d38e9577feb,Which visitor series decreased from 2014 to 2015 while Domestic increased?,International,,,c570211054429d38e9577feb075413db17af23468cd0bef98895ff879e7a6091,60
M0433-N,chart_c7c74331a05d4c225f62d656,Which North American facility has an average wait of 21.9 days?,J. Hopkins,,,c7c74331a05d4c225f62d656d4db7f4bfc37f7408a4e78911df5c7f546226885,60
M0434-N,chart_c7df41dbf3be4cf0891f325d,"In the 2023 estimates, what was the merchandise export share of GDP for the country whose merchandise import share equaled Greece's merchandise export share?",17.92%,,,c7df41dbf3be4cf0891f325d74687a0d39a6fc1e4bde7e24f1632b6c0dca8b95,1
M0437-N,chart_c9029d48482697ae9543a66c,Which region has 24 commercial markets?,Philippines,,,c9029d48482697ae9543a66c56acc978b5be744f34c73110d4de2728b0957ce8,60
M0439-N,chart_c935b70c114ca02479dfa34d,In which year was the Inflow Index 42?,2015,,,c935b70c114ca02479dfa34da9a35b9b6bfe9186833af2139b5e2cda5c43f825,60
M0441-N,chart_ca1b290ef972d40ecef646fe,Which retail categories have return ratios greater than 85% but less than 90%?,"Groceries, Pet Supplies, Books/Media",,,ca1b290ef972d40ecef646fe256899636d4bd8c71f1fc81809dd3c1add788b87,40
M0443-N,chart_cc05a44a2e17f7c8ce001e88,Which technology had an adoption rate of 58.7% during the Industrial Revolution?,Irrigation System,,,cc05a44a2e17f7c8ce001e88328decb5d2d1a5ef179b43fce39d456fcda1d61c,60
M0445-N,chart_ce1c5334ac60599107cd101a,Which credential type shares a boundary with both PLM and CSP in the chart?,58,,,ce1c5334ac60599107cd101a38e658d43da4156e344a9b3dfd8be4ae4a3cbf69,60
M0446-N,chart_ce2c0c2e6d8a022ddaee264f,Which city had a lower average wait time than Santiago in 2019 but a higher average wait time than Santiago in 2020?,Mexico City,,,ce2c0c2e6d8a022ddaee264f20a3032a2435fce4aa0459922c4d6a3ff55b95b4,60
M0447-N,chart_ce7e7978e4ee42abd3b87a73,Which tournament type in 2017 had the same percentage share of viewers as International tournaments in 2024?,National,,,ce7e7978e4ee42abd3b87a73e707d3528f458dbde762a257753e838cf09b3f45,60
M0457-N,chart_d75495f95b2f17983ae5b37b,Which industry accounts for 8.8% of total startup funding?,EdTech,,,d75495f95b2f17983ae5b37bd7a26b32a075e01a9340626dcee96ea8b2ba05bf,60
M0458-N,chart_d76dad8fa23487029f9e81ea,What is the earliest plotted year in which the deforestation rate exceeded 0.5%?,2006,,,d76dad8fa23487029f9e81ea26349f348c3b84272557496f24138286a0f80e31,60
M0460-N,chart_d9e9b20cae3739ded48ad2e9,"Which year had higher SO2 emissions, 2004 or 2009?",2009,,,d9e9b20cae3739ded48ad2e970290f654fa716ec14dda5a5e6188067601a2c77,60
M0461-N,chart_da15af823377b1115f4b275d,Which regions have values above 20 billion in 2020?,"North America, Europe",,,da15af823377b1115f4b275d7d6fd7ec55185aa1773cbc3c838f03883eb78d88,40
M0462-N,chart_da31651dd8ded7dcc7653fa7,Which county category's donut segment is adjacent to both category 46 and category 15?,0,,,da31651dd8ded7dcc7653fa7cc54c424613afcbf7cb36e641cda45aaf17de09d,60
M0463-N,chart_da9421adf19ae0d4f8c9c807,Which Medium event has estimated annual revenue lower than Hellfest's but higher than Lowlands'?,Download,,,da9421adf19ae0d4f8c9c807046df201885b7252a74dcf12c6009fdfecf38f49,60
M0464-N,chart_dbe3539ee2c932b7e55e3011,By how many percentage points did the GDP real growth rate decrease from 2021 to 2022?,0.7 percentage points,,,dbe3539ee2c932b7e55e30112adf701c01a68c8049b0c6dbdb134a4f8f7ec188,10
M0466-N,chart_dd8911c971ac344ba6d59d90,Which year other than 2020 has the same Rural consumption volume as 2020?,2021,,,dd8911c971ac344ba6d59d9068d07feaf435562996a2d5bd47e83d76c5a741eb,60
M0467-N,chart_de06dc4922bcac3cc27285db,Which collected more waste in 2018: Maldives Atolls or Arabian Sea?,Maldives Atolls,,,de06dc4922bcac3cc27285dbf42871ca4d5ca4c240b6bee9251abc2649a0e4fc,60
M0469-N,chart_de501bf6d81f04fe07f6b8ca,Which age segment has more U-Next subscribers: 18-24 or 45-54?,45-54,,,de501bf6d81f04fe07f6b8ca5144fa36014fe19df3df9994c6c8ba16e83cfbf4,60
M0471-N,chart_dead3c81a8845930fea737a4,How many incidents did Large enterprises report in the year when SMEs reported 410 incidents?,240,,,dead3c81a8845930fea737a4f174bbe4f3d7e1f82235e6ecf747afc5cb9ecc70,1
M0472-N,chart_df9b89a50cbb2f41afb0f987,Which school's 2021 average math score matched Sunnyvale Elementary's 2023 average math score?,Maplewood Elementary,,,df9b89a50cbb2f41afb0f9877fc381a45162344e81fc196b44ca642af109dbc2,60
M0473-N,chart_dfb8b450a6ec902fbc7079f5,In which two displayed years was Kenya's threatened-invertebrate value 93?,"2020, 2021",,,dfb8b450a6ec902fbc7079f5bd48911470e873a1b82d853af4b392c761fe06ea,40
M0477-N,chart_e1936e60bea06f036b410a72,Which state's Adult cups-per-week value equals VIC's Youth cups-per-week value?,WA,,,e1936e60bea06f036b410a7283acb5e3d7f5ec057ee4a6152fc2c3fcc1b4c53f,60
M0480-N,chart_e2a7f2198c9a8afc3c442618,Which country is projected to have the same number of visitors in 2032 as Colombia in 2031?,Ecuador,,,e2a7f2198c9a8afc3c4426187420794bd49f93a0dc2ca49ced3e6e1d3e22a686,60
M0481-N,chart_e39625c79960f5e7e0eafc90,"What was the late-2020s consumption, in tons per 100,000 people, of the region whose household spend is 920.4 per 100,000 people?",290.4,,,e39625c79960f5e7e0eafc907efcf4ed7cab799ca299c4d6957266a6a667a6e6,1
M0482-N,chart_e3d0c230c8f2b371f50fc903,Which healthcare system reported the same number of medium-impact incidents as Banking Group F reported high-impact incidents?,Healthcare System D,,,e3d0c230c8f2b371f50fc90351681a0a2cdc3fa935981c6295a3c3d645dc0ce8,60
M0486-N,chart_e5a9fa79bd3bf73b961b3415,Which state has a displayed monthly consumption of 171?,Sergipe,,,e5a9fa79bd3bf73b961b341517a0d82ab6a6c083905aeafb8b03a70ab425b7e2,60
M0487-N,chart_e604972e5957f57c741df530,Which removed more waste: the Coastal zone in 2016 or the Deep-Sea zone in 2023?,Deep-Sea in 2023,,,e604972e5957f57c741df530a55e11cb14dc818a73068a47979215a37417c517,60
M0488-N,chart_e68eb6ae329cbfb4339b8dd4,Which region has a donut-segment percentage of 4.9%?,Washington,,,e68eb6ae329cbfb4339b8dd45a3e3033548ecc047a10097b55e94cce0c23ea54,60
M0492-N,chart_e801a0f141140bdb476961fb,"Among Brazil, Costa Rica, and Uruguay, which country has the middle incident count?",Costa Rica,,,e801a0f141140bdb476961fb42cf93bd8b3dc4bea7993d27dbcde9d0797868ec,60
M0493-N,chart_e82c30ad1da72e261471de06,By how many millions of US dollars did GDP in current prices decrease from 2021 to 2022?,"1,600 million US dollars",,,e82c30ad1da72e261471de06effc7f5abbbc5d9abcc0ce2dfcded36de102180b,10
M0499-N,chart_ea4d41f1a705a18c3dc0b1ef,"Which quarter had the longest average wait time for private institutions among Q1-2027, Q2-2027, and Q3-2027?",Q2-2027,,,ea4d41f1a705a18c3dc0b1effc1fa2760b2215a83e01f910ee6877f47d42a610,60
M0503-N,chart_eb716f7092f1b78aa92e9f85,Which countries share a boundary segment with Togo in the circular chart?,"Central African Republic; Congo, Dem. Rep.; Mali",,,eb716f7092f1b78aa92e9f85e986024832dae779a102404db4b677f4e456300a,40
M0504-N,chart_ecd2d5681c93e0dc77d1e98f,Which team size has the same delivery speed as a 7-person team but lower client satisfaction?,13,,,ecd2d5681c93e0dc77d1e98ffb99d357cf07b81481a8c7a6c334f39791256ee0,60
M0505-N,chart_ee7f1fd61ed8f4c9e3a0bc02,What percentage of reported incidents belongs to the fire category depicted by the burning-car icon?,25.0%,,,ee7f1fd61ed8f4c9e3a0bc02ecbab68829db90bf2e7aee841410345ad8791d14,1
M0507-N,chart_ef7eec51412d22d350dfa1c5,Which two named business types have the same record count?,"DCAS, NYCHA",,,ef7eec51412d22d350dfa1c5537dabcd136494ca7bafac5a6422f81f6fcc4cd0,40
M0508-N,chart_eff3c13385699bc198ac9fca,Which West District museum site has fewer visitors?,Gallery of Art,,,eff3c13385699bc198ac9fca70e9f73f2cbc93cf8334e60d3daa79aa7eb12386,60
M0509-N,chart_f024a73102ae7b565083221d,Which category has more recorded incidents: Theft From Motor Vehi. or Theft of Motor Vehic.?,Theft From Motor Vehi.,,,f024a73102ae7b565083221d640e6705eb2d7571b5ffc9bdd32473d599c5f8d5,60
M0510-N,chart_f1006c73a08cbfc545a13d95,"For 2017, which demographic group has the wider flow: Female - Asian or Male - Black?",Female - Asian,,,f1006c73a08cbfc545a13d959a7149cbfb5e9fdea0529b7ed4ff42e9809c2109,60
M0517-N,chart_f583d6d117ea00afba49a8d1,Which country corresponds to the pie slice labeled 5.4%?,Saint Vincent and the Grenadines,,,f583d6d117ea00afba49a8d1eebd67580ba291ec124bb460e6b02a38045da90b,60
M0518-N,chart_f66225ef198d4a8d26bb64c9,"How much did total funding increase, in millions USD, from the fiscal year with 38 total rounds to the fiscal year with 48 total rounds?",57.6 million USD,,,f66225ef198d4a8d26bb64c9eb6c1bbdec8e8b0207819fe2444af47cd4b72b8d,10
M0519-N,chart_f780b696869b6477d45e544f,Which neighborhood is represented by the ring segment pulled outward from the rest of the chart?,Devonshire,,,f780b696869b6477d45e544fc0b97a7c66271e5eb0560336a20ac6fd636cfe7c,60
M0520-N,chart_f7ae3b21574eb546edc36197,"Among Beauty, Electronics, and Home Decor, which category has the middle labeled return rate?",Electronics,,,f7ae3b21574eb546edc36197370c69698b7d4cc7dbe3b06d727bba459058e662,60
M0521-N,chart_f80a82ec44c9e2e489f4738b,In which year did Taxi Industry revenue equal Ride-Sharing Services revenue in 2016?,2012,,,f80a82ec44c9e2e489f4738b2cabb80369097a3641b2dd61cf28648edb24e1ed,60
M0523-N,chart_f94e7fcd4d45415d7d377082,In which year did the number of local visitors reach 155?,2018,,,f94e7fcd4d45415d7d377082abc2e14f6c3a018a946320f31d5554f4b8c07273,60
M0524-N,chart_f9644df3958de68f9650ecbf,How many Elite participants were there in the month when Recreational participation was labeled 1.27K?,340,,,f9644df3958de68f9650ecbfb7576564743e6528f8b01f15230baf81a29cef1e,1
M0525-N,chart_faff10436e2f0ec1da4515b9,Which labeled emissions value before 1995 is closest to the total emissions including LUCF in 2005?,62.05 Mt CO2e,,,faff10436e2f0ec1da4515b9de0a96f98a5732690c46c71b9200f0ccf31af9ff,1
M0530-N,chart_fcb7f3a8ee6e3d549ec011ba,"Which economy is represented by the donut segment between Korea, Rep. and Brunei Darussalam?",New Zealand,,,fcb7f3a8ee6e3d549ec011ba4076c287e1870d6ec5f2aaf64ea05a9972f82e31,60
M0532-N,chart_fd1f6540c78dfd0ddeeac538,Which vehicle type has lower Consumer sales growth than Sedan but higher Commercial sales growth than Sedan?,Pickup,,,fd1f6540c78dfd0ddeeac538ae67d80b36791e0500cd725d044c6aa1f790fe7f,60
M0001-N,chart_001ebf9b36fa80493a1f654e,In which year did Facebook have the same engagement rate as Instagram had in 2019?,2021,,,001ebf9b36fa80493a1f654e17cc067ab71e7ffd0dcc7b89d30a489df714ae1c,60
M0002-N,chart_003f5b731c93aa48f61b485f,Which country has an academic performance index of 58.2?,Nigeria,,,003f5b731c93aa48f61b485f8a34e07fc907c7f194beea0b4d4ca22484b03af4,60
M0004-N,chart_018044657c4c642e42bcd169,How much did Amsterdam's standardized infrastructure growth index increase from 2021 to 2022?,0.04,,,018044657c4c642e42bcd1697b0b5dac3fc63621359963c094a1190e56dcc4af,10
M0008-N,chart_02c5f4d53ddffc1a3a3bea22,How much did the combined value for Seattle and Austin increase from 2012 to 2022?,12.1,,,02c5f4d53ddffc1a3a3bea22f2c8b7d6589d077773095f1c2a20ad5a30d77416,10
M0011-N,chart_03025e55f72aa23dd28800f8,What is the first displayed year in which synthetic fiber usage exceeded natural fiber usage?,2020,,,03025e55f72aa23dd28800f8559706304488ba8198ad0b9fe0a1ee5cb5cbeb09,60
M0012-N,chart_0349a1326cc0e95ce5e2c9cc,What is the first year in which the chart's total projected revenue exceeds 500 million?,2030,,,0349a1326cc0e95ce5e2c9ccdc84930a75c544e2ba0bc621d874db911b2a9a10,60
M0014-N,chart_03b2e674ec96293c35140c5d,Which manufacturer had a lower global market share than Tesla in 2022 but a higher share than Tesla in 2024?,BYD,,,03b2e674ec96293c35140c5d17d59a31fa2854d03bda947e0c3c3c2bfc7e5787,60
M0020-N,chart_06f4cb457ac53282266281e6,"Between Argentina and the United States, which country has a lower climate policy alignment score but a higher sustainable farming technology adoption rate?",United States,,,06f4cb457ac53282266281e6e503eeb2550960ef7a9c16864ee51e99d5b7545a,60
M0025-N,chart_0a46aaa782e366856915249b,Which had the higher compliance rate: Chile in September 2020 or Argentina in September 2021?,Argentina in September 2021,,,0a46aaa782e366856915249b606d59836503eae980725b93c945c9080eae00d1,60
M0030-N,chart_0dbd8dc5a083d8a462af1c08,In which displayed year did Ride-Sharing Services revenue equal Taxi Industry revenue in 2010?,2020,,,0dbd8dc5a083d8a462af1c08f9146b0bef53b6dd14d9fdccff30b39713206cb9,60
M0031-N,chart_0e8b696bd5abf426e8480c26,Which was larger: California's donations in 2008 or Texas's donations in 2020?,Texas's donations in 2020.,,,0e8b696bd5abf426e8480c26341ae07fb3eec7165c07d0415280f4a4aff663b5,60
M0036-N,chart_113c45d031ed899c2c3fc9f9,How many more minutes is Poland's average combined daily TikTok and Instagram usage than Sweden's?,25 minutes,,,113c45d031ed899c2c3fc9f98c41b54213f3acdcd33a2af0d36b2e53ad023bec,10
M0038-N,chart_118801fc6919995f906e46fe,"In the 2018 sector, which state's band lies between the Texas and New York bands?",Florida,,,118801fc6919995f906e46fe59a34b8924ed1eff50bfda14433d98a5159e1195,60
M0040-N,chart_12bebaed7e95ea3398d1a5e3,Which subject's retention rate in 2024 matched Math's retention rate in 2018?,History,,,12bebaed7e95ea3398d1a5e335999b945fe90b689c642ece6dbaa3660a0563c8,60
M0041-N,chart_131a9fb9bac784c1fc6cb74e,Which state had the same hybrid adoption percentage in 2022 as Texas had in 2024?,Florida,,,131a9fb9bac784c1fc6cb74e42d076be3df825f84edaf676f5ac6511e0522d6e,60
M0042-N,chart_138729f32217c6db617fde60,Which district's segment borders both district 865 and district JERRY in the 2014 arrest-record donut chart?,PHILI,,,138729f32217c6db617fde6006689d1b81b8dbe8455fe3f42aa4782bdff535a5,60
M0046-N,chart_15651f5554aa149770a62955,Which country has a competition weight of 318?,Belgium,,,15651f5554aa149770a62955ffc2bd18b85b5e9cbad615f11fa1356ccd225ad8,60
M0048-N,chart_1777d43b1af1441f85eda1af,Which company recorded the same autonomous testing mileage in 2019 as Apple did in 2023?,Cruise,,,1777d43b1af1441f85eda1af3bdab706930824ff3ef5d15d3d51326dcf3507d3,60
M0049-N,chart_17acadd7fd345665fce38bfd,Which funding source had higher AI investment in China in 2018: public or private?,Public,,,17acadd7fd345665fce38bfd02ef520b74dcda0319d10adc23910839c8f433cd,60
M0050-N,chart_185a5a7613e3817ba184928e,In which seasons do frozen yogurt sales exceed ice cream sales?,"Spring, Winter",,,185a5a7613e3817ba184928e0fe557af0fd0289ab447d169ba5f3c55f5cc8824,40
M0051-N,chart_19044a017e85c56ad9ec2baa,Which property category has a displayed normalized annual consumption value greater than Office's but less than Retail's?,Hotel,,,19044a017e85c56ad9ec2baa366870d427714cb687c2e8d97f82a81da9cfcfcf,60
M0054-N,chart_1adcf210a94175f2c4e24ea2,Which region had an urbanization index above 50 but below 100 in 1990?,Eastern China,,,1adcf210a94175f2c4e24ea25b32ccf9cf1910550c0d3df4f55aa6a04487bcaf,60
M0059-N,chart_1d4fa9ac61bc4216fe6a9679,"Which date's donut sector shares boundaries with both the April 8, 2026 sector and the April 15, 2026 sector?",2026-03-09,,,1d4fa9ac61bc4216fe6a967981dfab664cc7e6d4b266567f18a72d13ec84d6fe,60
M0064-N,chart_200603d550216f835fbf2243,How much higher was Japan's plotted efficiency index than China's in 2010?,1000,,,200603d550216f835fbf2243c2b20e38f7e14a9dcf83493fe535f0d070b9d93e,10
M0069-N,chart_23e45322620fbfc30e34621d,Which had the higher global market share: Athleisure in 2014 or Formal Wear in 2022?,Athleisure in 2014,,,23e45322620fbfc30e34621d158f6a51b0d55f9e38a4fc1701e8f5be11c8c2b8,60
M0079-N,chart_281590e1c387b071d41fa894,Which region's plotted value in 2022 equals the Midwest's plotted value in 2010?,Southwest,,,281590e1c387b071d41fa894fdbc8147b2e032db35915fd3e65a7eb6d63d125f,60
M0082-N,chart_28fc674cb548b61d1796eaa7,"In the 2023-01 band, which county occupies a larger angular span: Miami-Dade or Palm Beach?",Miami-Dade,,,28fc674cb548b61d1796eaa77305fb7d2300043ee3a0b150dfedf4fcc3109b57,60
M0084-N,chart_29ef8921a2e6ece9fda18ab6,"Which ZIP code has more reported properties, 60653 or 60615?",60653,,,29ef8921a2e6ece9fda18ab6aec8d8341eb678de2dad776fb08d09c919a96bb6,60
M0086-N,chart_2d14f142037197bdfddd00bd,"Which neighborhood has the higher total standardized firm evaluation value, South Loop or Downtown West?",South Loop,,,2d14f142037197bdfddd00bd6b8b8178db0c393adde71b4b5bb4d3656ce039c0,60
M0087-N,chart_2d185a35bd1007ea6e272224,"In the year with a displayed total of 15 M, which country has the thinnest radial band?",Colombia,,,2d185a35bd1007ea6e27222428012f89016d636617c2671a3ce8780518f7db5e,60
M0089-N,chart_2dc6de11c72d104652653a32,Was the Small Business compliance rate higher in 2019 or 2020?,2019,,,2dc6de11c72d104652653a32b8c76ba976d6d69e7e6aca7b348b30ddf637b69e,60
M0095-N,chart_300df622da031802e81f0626,"Between January and September 2023, which month had higher Employee Advocacy engagement despite having the same Traditional Marketing engagement?",September 2023,,,300df622da031802e81f062658fbe0f22d2395a2be7d78c9bbe2e7e95830e1cc,60
M0099-N,chart_318c230a8f4dbb936a1937b6,In which year did Recirculating Systems have a growth rate of 14.5%?,2016,,,318c230a8f4dbb936a1937b6e72e6b0b8604a84179f68b30334857a63ff11eb0,60
M0101-N,chart_322e84b59ae6950773abd144,Which region's 2022 average Consumer Confidence Index equals the West's 2024 value?,South,,,322e84b59ae6950773abd1448e185c82b25f895e3a588b5b9bcc7e6c62962356,60
M0108-N,chart_35f21a1a72ac3e33fab7242c,What was urban vaccination coverage in the year when rural vaccination coverage was 53.8%?,78.2%,,,35f21a1a72ac3e33fab7242cf28fc5ccd076baf17389d394fbd7d3855408e1c1,1
M0112-N,chart_37c94c58b42f338f43c01222,"Among Malaysia, the Philippines, and Thailand, which country has the lowest reef health index?",Thailand,,,37c94c58b42f338f43c012223e55d8919d1e914a64fc79fa212c8f7b6856a6cd,60
M0122-N,chart_3c7edd2bc126b1f9d794cb09,In which year did the Northeast's plotted sales value first exceed the South's 2019 value?,2021,,,3c7edd2bc126b1f9d794cb09c918e5b756f3ec51c5bb7772da796b6748714876,60
M0123-N,chart_3cb8021eb22d04237e2cd035,Which country shows lower primary energy production in 2021 than in 2000?,Dem. People's Rep. Korea,,,3cb8021eb22d04237e2cd035e28c4dd9407798de4ceb384a235fe1d018af78b7,60
M0126-N,chart_3d3d3af5b87b937c7055e191,Which country's average vaccine delivery time in 2022 was closest to Nigeria's average in 2021?,Kenya,,,3d3d3af5b87b937c7055e191bac8d50b245e665862289476c1ab574efd7c5931,60
M0127-N,chart_3d7e379913a9d08987b6cceb,Which year has a Private Company percentage equal to the Government Agency percentage in 2014?,2018,,,3d7e379913a9d08987b6cceb63fd45b026cde8dfaa1f747df60795f5a16c4072,60
M0131-N,chart_40a2836d1f42992ad8f54b45,Which other fund code has the same initial allocation percentage as fund code 314?,200,,,40a2836d1f42992ad8f54b458c53809ddd7ef0062a64b964ce7c5e177904067d,60
M0135-N,chart_41508df7ffa9f4f409cf50eb,Which other fund code has the same initial fiscal-year budget share as code 0314?,0740,,,41508df7ffa9f4f409cf50ebbca8907f27987fd083222bd9a6933a5edff24820,60
M0137-N,chart_41ae22902383e125c4910ba8,Which country has annual urban road fatalities equal to Bolivia's annual rural road fatalities?,Argentina,,,41ae22902383e125c4910ba84953dd9098fcb43a9c46383419f9d2620964157c,60
M0139-N,chart_4364e42b0451fc9ab9d878a1,Which countries have a printed temperature anomaly of +0.1°C?,"Turkmenistan, Seychelles, Jamaica",,,4364e42b0451fc9ab9d878a1c905b59483aae8b4e00883f741da3c360b3d2078,40
M0141-N,chart_45b4528daa134e8a6e7b371c,"Between Singapore and Vietnam, which country has the higher average monthly Home Goods conversion rate?",Vietnam,,,45b4528daa134e8a6e7b371cd0e5b5a202aeb6855e48a6181355e4453b3675bc,60
M0145-N,chart_469d5fda69b43fea298a71df,Which legend categories are represented by the two segments for Happy Valley Organics?,"High, Medium",,,469d5fda69b43fea298a71dfa15d051c6f9ac9de96876e928382fa7a8092c857,40
M0147-N,chart_47534c7258599ae901c683c0,Which years from 2020 through 2022 had defenders accounting for more than 30% of La Liga goals?,"2021, 2022",,,47534c7258599ae901c683c02c201e51d0785ead8a94004c326ebd5e683b7ad6,40
M0154-N,chart_4992897bba7af523df5d593a,"Which county has the higher displayed normalized test score, Fayette or Cobb?",Fayette,,,4992897bba7af523df5d593a302c7e255af7737c85919cdd4363cc53c6a0571f,60
M0155-N,chart_49bc36f9a61214f18aea76a5,Which ZIP codes have a displayed inspection count of 1 in the 2017 chart?,"60632, 60641",,,49bc36f9a61214f18aea76a5e9d9d8465989572c1671b650cba4e708deb2f252,40
M0156-N,chart_4b65af665613aa34c74d4f85,Which other zipcode has the same number of active liquor licenses as 10470 in the 2024 registry?,10475,,,4b65af665613aa34c74d4f857499e86b22fbeda3f0e86780d00922c865f31b52,60
M0165-N,chart_5075003d28a5e4fef06bb52b,Which other Texas House district has the same representation share as District 076 for the 2024–2025 school year?,District 137,,,5075003d28a5e4fef06bb52b57acdf336a87fa261f82a6bf609fbebbd32ebc2b,60
M0166-N,chart_50a87ccb9af837ac6ad3d246,Which program had a lower segregation index than No Program in 2005 but a higher index than No Program in 2010?,Voucher Program,,,50a87ccb9af837ac6ad3d2462fa1fc966fb388d1528d224f287541aa76edd0be,60
M0169-N,chart_51cb675e5fb03bb8829855a1,Which demographic group had a higher unemployment rate than White in 2000 but a lower rate than White in both 2012 and 2024?,Asian,,,51cb675e5fb03bb8829855a1ca6f66188e1f5c1340a742974a4456b95cc72a15,60
M0172-N,chart_52f3c62620a3b38891e54a9a,Which income bracket is associated with the displayed percentage of 33.9%?,$80-100k,,,52f3c62620a3b38891e54a9a117c811f78327b2a797b2cde98eabd108fc80dde,60
M0175-N,chart_546a9bdc690685c19270b231,Which city had higher per capita water usage in 2014?,Phoenix,,,546a9bdc690685c19270b23199cb1d12213927e9b587795b6bf781a9656d5302,60
M0179-N,chart_55f67113e920ea29658ad34c,Which age demographic had a media exposure value of 35.5 in 2020?,45-54,,,55f67113e920ea29658ad34c0e1bcb79d47b852a270c4b1d4652a19561d2a7e2,60
M0183-N,chart_5662228ccbfb28738a96a542,"How much faster was Kenya's internet speed than Nigeria's in 2014, in Mbps?",1.3 Mbps,,,5662228ccbfb28738a96a54293eaf0f13b491de8be350662fbd1010a88c83a5c,10
M0188-N,chart_578f7b3d7013d22fad073794,Which other category in the donut chart has the same percentage share as category 43?,61,,,578f7b3d7013d22fad073794d1960cb56f48cbed540e080e2199baf2e6ff257e,60
M0195-N,chart_5a45b77f9a64f902d138c18f,In which year did China's year-end 5G adoption rate first exceed 60%?,2024,,,5a45b77f9a64f902d138c18f96d37e9c6d8185d1905b8487566c658fc88a0239,60
M0197-N,chart_5af1ee2a3575d31c81976315,Which police district's slice is adjacent to both District 016 and District 024 in the donut chart?,District 018,,,5af1ee2a3575d31c8197631569cddaab437dc53eb2fa4f1d102e90db9503c0a6,60
M0199-N,chart_5bf39047f398059f2cd0af1b,Which promotion type had spending in 2021 greater than Deposit Matches spending in 2023 but less than Odds Boosts spending in 2023?,Free Bets,,,5bf39047f398059f2cd0af1b895d618380ea382a5ef4866b89b0527b7b0f449f,60
M0202-N,chart_5d741a41c647739d02012349,Which has the higher GDP per capita: the United Kingdom or the United States?,United Kingdom,,,5d741a41c647739d02012349f96296b75fa702454a3be041cbc2e9c739e8b558,60
M0204-N,chart_5edb2b317414ee47e96f0211,"What were Canada's carbon emissions in the year when Germany recorded 330,000 metric tons?","700,000 metric tons",,,5edb2b317414ee47e96f021117cd9cf6652a6f9afeec74bfc51f52f165bd0aad,1
M0206-N,chart_5f34c7d664bfbe774e5d4c3b,What is the first plotted year in which the automation displacement rate exceeds the displacement rate from offshoring to Mexico?,2016,,,5f34c7d664bfbe774e5d4c3b144eea155b0509b50791fb9ba2f5a832f60bd8c8,60
M0208-N,chart_5f59c3de074cac6961a7539c,"Among 2022–2024, which is the earliest year in which the Full Release segment is thicker than the Early Access segment?",2023,,,5f59c3de074cac6961a7539c99599f899fd47a23afe6865cd8e900b39ecc0c95,60
M0209-N,chart_5f75424cc767c18bd14eafd7,"How much higher was lobbying spending in the High category in 2021 than in 2013, in millions?",1.4 million,,,5f75424cc767c18bd14eafd7f95cdcc599cb3d805fc566d02bc5194265050731,10
M0212-N,chart_61ae272abc54fa8c98fb61d6,"Which demographic group had a higher mortality rate than children under 5 in the North Korean Famine (1994–1998), but a lower rate than children under 5 in the Ethiopian Famine (1984–1985)?",Small Farmers,,,61ae272abc54fa8c98fb61d6b7f5832bfcb31ec9d4a1b6c60ede5d427e7bcbf8,60
M0213-N,chart_622e603d114255b68b764488,Which district's band lies between the Willow Creek and Oak Haven bands in the Social Media sector?,Pine Ridge,,,622e603d114255b68b764488097bf13fdfc73bc21ea8215fc75441645df46060,60
M0214-N,chart_624d0c55553d640d0ddc9022,Which expenditure series has the thicker radial segment for Latvia in 2021?,Domestic general government health expenditure (% of total government expenditure),,,624d0c55553d640d0ddc90220c000b0ee249a02a5ff54d804080cc4f70bbc737,60
M0219-N,chart_66cb4d661ae1587f930f78da,"In the 2024–2025 donut chart, which other Texas House district has the same percentage share as District 141?",District 145,,,66cb4d661ae1587f930f78dab63b941cd61ea26d112e1e84e591bac8d3bd64ba,60
M0220-N,chart_67843514e9a5bc90e2dad1b4,In which year did New Orleans first exceed Nashville's 2019 peak festival weekend occupancy rate?,2021,,,67843514e9a5bc90e2dad1b44c446c17f4c553f88bea100b22a2f02e8d7f7456,60
M0221-N,chart_680612823c5a0477f6940486,"In the 1700 sector, which country's band lies between the bands for France and England?",Germany,,,680612823c5a0477f694048679622b963030053156bdcf56a51668c1e67e4ee9,60
M0223-N,chart_69a098d7ecbce96239a9cb33,What was the 2018 transparency score of the region that scored 38 in 2014?,50,,,69a098d7ecbce96239a9cb333c2255a401bd93a5adfe2024c41581250bf14fb0,1
M0226-N,chart_6c00fdf3197336da878762fa,In which displayed year did Peru receive more patent grants than Colombia?,2005,,,6c00fdf3197336da878762fad033b30a9f092938a794e2719fa1343802676670,60
M0229-N,chart_6e2fa07e5d3d90f63d3f33d9,"Which year has the lower displayed sentiment index value, 2012 or 2020?",2020,,,6e2fa07e5d3d90f63d3f33d9df8cbd84e74dd3b932ab5a729b27155e8e0ea1ea,60
M0233-N,chart_700a2acfca7a12972b1f6d3d,Which has the higher displayed percentage: Urban County B or Rural County D?,Rural County D,,,700a2acfca7a12972b1f6d3da010f32fc278d8e2cfd3016a6e29c2cd6856dd7e,60
M0236-N,chart_7257aab8c526e73d982a9e8d,Which city had the same art tourism revenue in 2015 and 2021?,Singapore,,,7257aab8c526e73d982a9e8d6382d2919cdb52565073cc5e1b25bafd4cccda37,60
M0237-N,chart_72955cd66831bffa3f1818bb,Which categories other than category 10 have the same displayed dot-bar value as category 10 in 2025?,"1, 2",,,72955cd66831bffa3f1818bb0d6a4e25604fe0272cc025f9846ee710ae031c53,40
M0247-N,chart_7577942b96afa7271ff4b06b,Which Texas House districts have a record_count of 1 in the 2024–2025 treemap?,"100, 103, 111",,,7577942b96afa7271ff4b06b9ed94eac2e8f6133f89e79a35d808f8101fb1876,40
M0253-N,chart_784f4ae7c08ad84372c59aef,Which country had a PISA score of 536 in 2012?,South Korea,,,784f4ae7c08ad84372c59aef1effbc49d2f793a7f141515ba755cfeeaecc9516,60
M0254-N,chart_789b4c71e4c9d7ad4cb9a272,Which of Jamaica and Honduras has lower GDP at current prices but higher GDP at constant 2015 prices?,Honduras,,,789b4c71e4c9d7ad4cb9a27227f6130858e7a0bc3859a9db1dc3e1115cbf836c,60
M0259-N,chart_7b970995adf20f342e49a3b2,Which regions reported the same number of outage events in 2021 as the Southeast did in 2022?,"Northeast, West",,,7b970995adf20f342e49a3b2885e4edc0f2ec8382b966a2a574064b362eafb15,40
M0261-N,chart_7bb18b1e861a28bc37438327,In which year did both YA and Sun Conure have their lowest plotted recorded trade values?,2014,,,7bb18b1e861a28bc37438327a2ec5d89fffcdf0f6cb8e9f4b2b90435c4d06dd8,60
M0263-N,chart_7d8da5fa1d52279e488c0418,"Among the plotted years, which was the first when Las Vegas's daily per capita water consumption was below 200 gallons?",2010,,,7d8da5fa1d52279e488c0418be23de3e7cf711ee7b5c18286ad40868d3389de1,60
M0267-N,chart_7f179115c6be1152e3b6c2b8,In which year did Canada's EV sales equal the USA's EV sales in 2015?,2021,,,7f179115c6be1152e3b6c2b859c23855489ea9a7282426da1dc52d0a93c3b571,60
M0268-N,chart_7fd0bbd4e4765137c9ad72df,In which year did Germany have the same PISA score as South Korea had in 2018?,2012,,,7fd0bbd4e4765137c9ad72dfaa12e66b931f77a2b3a7ab9e9205e3aece23348f,60
M0269-N,chart_7fd7ba705fb32572a9f53f8a,Which state's band is thinner in 2023 than in 2010?,California,,,7fd7ba705fb32572a9f53f8ae04e65fdbf212d64543e2e7190d8abad13793328,60
M0273-N,chart_80a69bfc003f2f014eb0593d,Which country had a cumulative success metric higher than Jamaica's but lower than Belize's in 2013?,Dominican Republic,,,80a69bfc003f2f014eb0593d10a1dc3594ae58e8096957b1b717d0594ecbcfe9,60
M0274-N,chart_81893f7b2a60639d9d2a2980,Which vehicle type had the same normalized accident frequency index in 2010 as Sedan had in 2023?,SUV,,,81893f7b2a60639d9d2a29800286fcf2b7958646e119526976cbe6f3e8a74f0e,60
M0277-N,chart_82145942d05ec1801aeac657,Which other ZIP codes have the same displayed 2021 inspection volume as ZIP code 60654?,"60609, 60610, 60608, 60657",,,82145942d05ec1801aeac6576791ab4890c0db7b8152e523e7f4d41a9cc3acae,40
M0278-N,chart_83944adf14cbbc2b82f485d5,"In the 2023-12 campaign bar, which age group's segment spans a smaller angle: 18-24 or 45+?",45+,,,83944adf14cbbc2b82f485d5795f67dbe35c40c919c965d2528ebee1434ea3c5,60
M0282-N,chart_86133b7e29b708629f81409c,Which ZIP code has half the share of reporting properties shown for ZIP code 60625?,60659,,,86133b7e29b708629f81409c4375f1f4c392565cf2ded19e70d629de644c47af,60
M0287-N,chart_886d22ece4c1ed9ea658bc58,Which zones represented by a star emblem have a displayed permit count of 1 in 2018?,"46, 76, 525",,,886d22ece4c1ed9ea658bc5877f7733e84a1f542bba89d2d2598e91f7add0604,40
M0291-N,chart_8afa13eb6229376c5c6ffacb,"Among the United States, Denmark and Canada, which country has the highest EPI score?",Denmark,,,8afa13eb6229376c5c6ffacbd632fd08fed2bd68312b2dfd7d8093fdecbb50d2,60
M0298-N,chart_8e70d6f09a4289a7a7f70495,Which other displayed year has the same labeled US Districts time share as 2004?,2014,,,8e70d6f09a4289a7a7f70495e5929d32e2cba1802d829696a40d78d106411757,60
M0299-N,chart_8ee534b447b20b8bee2f3964,Which year had higher total festival attendance across the three European regions: 2010 or 2021?,2021,,,8ee534b447b20b8bee2f3964a275bc3da3d0f2f7310835b82abe7cb0e236cd48,60
M0303-N,chart_9106ed401eac4278a054c4ff,"In the 2021 segment, which product category has its band between Apparel and Furniture?",Home Goods,,,9106ed401eac4278a054c4ff23f61780e06b5a92aed7029b847dc5eaf063fb90,60
M0306-N,chart_91f0e03ce3a23e1f90924ba8,Which city in the legend's High group has the same active sales tax permit record count as Boston?,Bellevue,,,91f0e03ce3a23e1f90924ba843e9bdc18d01ab30216376785062b017ca3e19e4,60
M0307-N,chart_9263ac35abedcaadadb53092,In which year did Java and JavaScript have different average times to secure a role?,2022,,,9263ac35abedcaadadb530922e074754178e0050c1e97175916f0d3445dfb58e,60
M0308-N,chart_9269a8483902d444597abf73,"Between Southwest and Canada East, which region has a higher organic perception score but a lower conventional perception score?",Canada East,,,9269a8483902d444597abf73a04f5495c1529e43d2cbb63026fb4f0895ffed7c,60
M0314-N,chart_9419ed66167add410ec3df57,What is the ratio of the General Fund's displayed allocation to that of the Proposition C Anti-Gridlock Transit Fund (Sch. 27)?,2:1,,,9419ed66167add410ec3df5704148bc0edb96e11e6956070bde90871496f8d49,10
M0316-N,chart_94aef6658da00a7fa33deb41,Which other postal code has the same record_count as postal code 55441?,55479,,,94aef6658da00a7fa33deb41eaed5a07c0c03ace9d7a7a7ada76204865ce3f92,60
M0328-N,chart_99b59280ab1b04e71f5e9f94,Which region has a charted value of 4.1 in 2023-04?,East,,,99b59280ab1b04e71f5e9f946f1235c92a4ac5ef015bae7afcf5301471022704,60
M0329-N,chart_99eaf3403dc9286dae181bd7,Which advertising channel in 2023 had the same spending as Display in 2014?,Email,,,99eaf3403dc9286dae181bd7bcceeaf2af25ce73030151b2721e592de4b093b2,60
M0331-N,chart_9a2fa7c7d96bfb44d39f11be,Which other fund code has the same initial fiscal-year allocation share as fund code 0610?,0300,,,9a2fa7c7d96bfb44d39f11be52d03da9db835c1d161c9424867cd005d63919c3,60
M0332-N,chart_9a36d5ed54ba55667a92913c,Which country's July 2023 vaccine adoption rate matched Canada's January 2023 rate?,Germany,,,9a36d5ed54ba55667a92913c1d86c5782af6cf895a09c58305919e6a04297e0b,60
M0335-N,chart_9b9846186fcd576a965ce901,What primary energy production value is shown for the Democratic People's Republic of Korea in the year when the Republic of Korea recorded 1.86k?,868,,,9b9846186fcd576a965ce901c798bac664b5a6540295ca439a2ebcd77ababf7f,1
M0344-N,chart_9e6e964af38f26eb9a8a2d8b,Which state has a charger density index of 0.78?,Vermont,,,9e6e964af38f26eb9a8a2d8bfb6ae435893f85b5aeeb9523051f403f933c5d9e,60
M0348-N,chart_a2b9ae12e00f43964d59d177,Which two years have the same labeled annual water usage efficiency of 1.89?,"2015, 2016",,,a2b9ae12e00f43964d59d177c982e068ce3eee64d2f16c91d93fd6d6590b9456,40
M0351-N,chart_a41f6e9863d15375e503b774,Which year had higher nitrous oxide emissions in Russia: 2012 or 2015?,2012,,,a41f6e9863d15375e503b774b2dec8c2bc30cf20c54aec6c3f870c67f50f5cc6,60
M0352-N,chart_a427c0feb4cdd70267719a7e,"Which year had higher private donations, 2000 or 2015?",2000,,,a427c0feb4cdd70267719a7e7ab608ff3d36ec46bcc9156d853c6706b886d8af,60
M0353-N,chart_a4ba468d9d175266a816b910,In which year does Intervention B have a value of 4.8%?,2017,,,a4ba468d9d175266a816b910be7752930afc746c078817279533fbc175b22ef4,60
M0356-N,chart_a56a06b145b9a01dfe444c80,How many tons of potato waste were generated in the year when corn waste was 320 tons?,850 tons,,,a56a06b145b9a01dfe444c80651a8e7d08bc763bf304066f27fd8949d5c69785,1
M0358-N,chart_a80e7753bcf46afb7284d2d0,Which sector’s 2024 employment rate matches the Culinary Arts employment rate in 2021?,Automotive Repair,,,a80e7753bcf46afb7284d2d0411395615bcefa39567fe1026fd7f7f748ba660c,60
M0360-N,chart_a9882f36d32fd9e68ea32203,Which year has a total employment value of 146 K?,2019,,,a9882f36d32fd9e68ea3220341830d378c38fae5d95a5fe09946e01c4869d56a,60
M0361-N,chart_a9a8c722cccbd100fa9dc8bc,"Between East Africa and West Africa, which region has higher fossil fuel investment despite having lower renewable investment?",West Africa,,,a9a8c722cccbd100fa9dc8bca0d0d362a5b36f085b58fb49cb3c623e71fcf7ad,60
M0362-N,chart_a9fbf52454e2d8fdb05f8fdf,Which category other than 227 accounts for the same percentage of active outlets as category 227?,0,,,a9fbf52454e2d8fdb05f8fdfe9fe1a022752b06cc774788c5d687c1e9ea6efdd,60
M0363-N,chart_aa2c67520bc6747b230e7d7f,Which other donut-chart category has the same percentage share as category 9?,6,,,aa2c67520bc6747b230e7d7f47b998fcb280b7b252a8c66dbbcdecec1cd1bc57,60
M0364-N,chart_aa8380c17c922a733daa8bbf,In which year from 2021 through 2024 did Peru's drug trafficking offenses first exceed Colombia's?,2024,,,aa8380c17c922a733daa8bbf90ca164f35d12eafcb51ecc1e05138f0ff945f31,60
M0367-N,chart_ac9d4d37b670388ca5bc6cc2,"Between 2012 and 2016 inclusive, in which year did the Athens Districts air quality index decrease from the previous year?",2014,,,ac9d4d37b670388ca5bc6cc21b9241c61972c8730c6b61190a58065e12655180,60
M0374-N,chart_af73dc84a1029b9ddbf61380,Which pricing model had the higher cost: Usage-Based in 2023 or Fixed in 2022?,Usage-Based,,,af73dc84a1029b9ddbf61380f66ee6c6448fd3ebe9db93cad5340c0500947dea,60
M0375-N,chart_af7dc2ac6a43e4a148e4e908,"Order White, Rural Students, and Second-Generation+ from lowest to highest displayed percentage.","Rural Students, Second-Generation+, White",,,af7dc2ac6a43e4a148e4e908c9c96fb6aed49ffabc4c0176f155caa15be87e98,71
M0376-N,chart_afa40c2a869d0b7894425914,What was the 2024 mobile payment adoption rate for the region that had a 12% adoption rate in 2020?,28%,,,afa40c2a869d0b7894425914e5532b769a281081f9fcee82fee9cc8dc5e4f6a5,1
M0378-N,chart_b02ac23a0bf3ea749bd50bd7,Which country has a circular-marker value of 120.7M?,Germany,,,b02ac23a0bf3ea749bd50bd718ca50068161353a151a5e049417d1c6e396f0d0,60
M0389-N,chart_b70103de6cbc0d67067e2817,Which years have total material demand greater than 48K but less than 49K?,"2014, 2015",,,b70103de6cbc0d67067e281766aed09284f4774adbf3fec83658f281a7617550,40
M0391-N,chart_b83b981e40c80e7250e4dfe6,Which year from 2015 through 2017 had the highest total refugee resettlement figure?,2017,,,b83b981e40c80e7250e4dfe66c6d976041413cd91b2702fbaecd3df17b19501c,60
M0394-N,chart_b9f07b4b9f4637692500c0b5,Which brand had higher annual sales in 2014?,Levi's,,,b9f07b4b9f4637692500c0b5f0cd1f30d5165a9a0a59153bce69333de8445baf,60
M0398-N,chart_bac3ed80bd8c5abbc282a1c3,Which textile has the same incineration rate as cotton but a higher recycling rate?,Rayon,,,bac3ed80bd8c5abbc282a1c3df5a25c4cc7d334a4ba73ade7bcf976dbee912b3,60
M0399-N,chart_bae7b0ec9ca1c7bae32f0eab,"Between Indonesia and Thailand, which country has a higher normalized average cost for online ads but a lower normalized average cost for in-branch promotions?",Indonesia,,,bae7b0ec9ca1c7bae32f0eab07dffaf3445467625ad8c194a948176cb0743dd4,60
M0401-N,chart_bafea2e9565a9bd5db5efb2a,Which country has a circled value of 95 in the European podcast chart?,Netherlands,,,bafea2e9565a9bd5db5efb2acff15669c17a866b18ce0540d438fe15aa719004,60
M0404-N,chart_be079ca8bfe97b027c0511eb,"Using the chart’s top legend, which had higher no-till adoption: Subsidized in 2004 or Not Subsidized in 2020?",Not Subsidized in 2020,,,be079ca8bfe97b027c0511eb5bbfa916b04870a1f191e84478942c72930e161e,60
M0406-N,chart_bf2c36ae4d599fb4500ed535,"Among days 1, 50, and 60, which day has the highest displayed percentage label?",Day 50,,,bf2c36ae4d599fb4500ed5357f20de22d5e9fcbd8c04333634efec7760d1e1aa,60
M0407-N,chart_bfc69f1c552c302bcca48779,Which country had a lower services share of gross value added than Peru in 2015 but a higher share than Peru in 2022?,Ecuador,,,bfc69f1c552c302bcca487791e618758a19706eca6b35ed3c5bb6f76375ae2d7,60
M0408-N,chart_bfebd4d4098f272f31e3ad49,Which brands receive flows from 1974?,"Ford, Chevrolet",,,bfebd4d4098f272f31e3ad499064a3b1bc4578aa62f2b76116f17d70f0be717d,40
M0410-N,chart_c061237adee675cf88cecdbb,"Among 2020, 2022, and 2024, in which year were traditional sports and esports endorsement revenues closest to each other?",2020,,,c061237adee675cf88cecdbbedffc8435adbb730d0e0a637961f9f69ead08811,60
M0414-N,chart_c204678a864a2fc6b7c13b61,Which movement other than Baroque has the same circle value as Baroque?,Surrealism,,,c204678a864a2fc6b7c13b61073bbc5f5b5f7aeaf5d6afe1f7915b6978bebb96,60
M0415-N,chart_c20e87d054b0d6db4beaa694,Which airports have displayed normalized exposure indices greater than 50 but less than 60?,"ATL, DFW",,,c20e87d054b0d6db4beaa6946f53939dbb65ef2f801f2813424fd0afae0422a0,40
M0422-N,chart_c2e0680e88aa49b38b1c8dc7,In which displayed year did Rural Farmers have the same Gini coefficient as Afro-Brazilian Women had in 2005?,1995,,,c2e0680e88aa49b38b1c8dc74ae474eec22cf14a3f9de5fe1894b738eb51b6f0,60
M0424-N,chart_c51d279f715226996985b21b,Which other fund has the same initial operating budget allocation share as Fund 740?,Fund 200,,,c51d279f715226996985b21bf36e5ace3c97cc07b18b6fb5f5f8238965913690,60
M0426-N,chart_c5b355d5b1cb8356969f921b,In which displayed year did Country listenership first exceed Classic Hits listenership?,2022,,,c5b355d5b1cb8356969f921bad17b8e240cad09b9ce590a867bc1b701bf9463e,60
M0427-N,chart_c5ff7b8ad6ce6ea653e84d64,In which year did style imitation claims equal the visual similarity total for 2019?,2021,,,c5ff7b8ad6ce6ea653e84d64ed76cfc727629881c241ee7c90fb3c1783e2372c,60
M0428-N,chart_c6c511da5f1684cf2e1b9f91,Which two years have a displayed combined Chicago–New York City value of 1.46K?,"2011, 2012",,,c6c511da5f1684cf2e1b9f9194a0f807428403c81f6716ab2899c70d13072874,40
M0430-N,chart_c750f1aa93c8a6fbba003cdd,In which year does the top segment show 31.4% while the middle segment’s parenthesized PISA score is below 520?,2022,,,c750f1aa93c8a6fbba003cddb8819b653e4b23b5798dce2eba9e57e7bbb4e9ce,60
M0431-N,chart_c777a9b09a7f47f5fd08d4d0,Which central bank contributes the larger segment to the normalized policy rate deviation shown for 2022?,US Federal Reserve,,,c777a9b09a7f47f5fd08d4d09e9bcd03e4d204a98a1ffa9e6a971fd85ddc31cb,60
M0432-N,chart_c779688cf610310407b1d0cb,Which state had climate policy support below 50% in 2014 and above 50% in 2018?,Florida,,,c779688cf610310407b1d0cb42855298e9cd124289299736c96b6b22e129fba1,60
M0435-N,chart_c7f011e2fc6821df92918c42,In which plotted year did Kenya's standardized cholera prevalence index first fall below Nigeria's 2015 index?,2010,,,c7f011e2fc6821df92918c42f20972def43dfbcd7b2139f931ec2d1e09b4ec58,1
M0436-N,chart_c851f71465b7a2a4e475107f,"Which year had the higher normalized annual distribution value, 2027 or 2030?",2027,,,c851f71465b7a2a4e475107f805c293cbebfe493c56f977197a204d741964fcc,60
M0442-N,chart_cb455ac521b6f1f0dcbb7036,Which country's circular-marker perception score rose from 2020 to 2022 and then returned to its 2020 value in 2023?,South Korea,,,cb455ac521b6f1f0dcbb70365b9b3171d93f44c8704730c46114b79b83fba419,60
M0444-N,chart_ccc374468c479cfdae5f8abf,Which brand has a displayed ROI percentage of 57.3%?,Prada,,,ccc374468c479cfdae5f8abf3706397c99c17bea52bd5ccf283dbbc374c7ab43,60
M0448-N,chart_cf280360a8ead7648cd82c73,Which demographic group has an Arts-Integrated STEM average test score equal to the Multi-Racial group's Traditional STEM average test score?,White,,,cf280360a8ead7648cd82c73bb6a471309aa6e99167523b199b206e2c5ff6b8d,60
M0450-N,chart_d03f497d19658a36c3063515,In which displayed year did Video games have the same popularity score as Traditional games in 2024?,2018,,,d03f497d19658a36c3063515d2cc00effde073404cabf0bc1fd6d0dfbd4c3a91,60
M0451-N,chart_d1b200771a0ca6002fe73e9c,Which country has a displayed willingness-to-pay value of 85?,Belgium,,,d1b200771a0ca6002fe73e9c388ac538e3ab5bd3a7fcbe82d03e899ae3163a7f,60
M0452-N,chart_d1c9930dc9835625b2a16365,In which year did Hong Kong have the same sales value as Shanghai in 2024?,2012,,,d1c9930dc9835625b2a163659ec31d372db41c9edc2a8081576df24ee6ff75bf,60
M0453-N,chart_d360229668a024a307546c81,"Among the countries with a printed temperature anomaly of −0.8°C, which has the shortest bar?",Djibouti,,,d360229668a024a307546c812593b33448827f2b69ddd12f9a542aea58cef22b,60
M0455-N,chart_d669a45923a51a1fcdd74d9c,Which was higher: Taiwan's affordability index in 2022 or South Korea's affordability index in 2016?,Taiwan's affordability index in 2022,,,d669a45923a51a1fcdd74d9c66b8766aac7b81b4a85451bf70e4694020a7eb0c,60
M0459-N,chart_d8628ea62395f5c0127e513d,Which earlier year had the same displayed adoption percentage for Washington as 2024?,2021,,,d8628ea62395f5c0127e513da88d70126c5c88c70991a752405ebfe9db94afba,60
M0470-N,chart_de55721417f01f4b511ecd89,Which state has a labeled profitability value of 42.4?,Ohio,,,de55721417f01f4b511ecd896513709e383fd980f34d31abf4bf85aa5927e41f,60
M0476-N,chart_e18180db8c5b7be47c7f643c,"In which year did Iceland record 707 departures per 1,000 people?",1996,,,e18180db8c5b7be47c7f643cc43174445397940dd19e769068736f434037e301,60
M0478-N,chart_e1dd2df0a83447c0d5d4dccc,Which outlet has a Left trust score equal to CBC News's Center trust score?,La Presse,,,e1dd2df0a83447c0d5d4dccc893979dc45be057c804dec2fb245eb982c509877,60
M0479-N,chart_e23a2a932e6794684c6df9f8,"Among the cities with a circular-marker value of 0.07, which has the smaller horizontal-bar value?",London,,,e23a2a932e6794684c6df9f83834fa8d1b744aec1622663b2bd5d5d9f220dc90,60
M0483-N,chart_e4363f4b4c592a3b0faf1e9b,In which year did Texas first reach a sustainable packaging adoption rate of 10%?,2021,,,e4363f4b4c592a3b0faf1e9b22d7fe2af40a4d410f38f264664cfdbf6bc31c25,60
M0485-N,chart_e48fbf997bf4661aa9da1e5e,"Which year had fewer malaria deaths in Brazil, 2008 or 2010?",2010,,,e48fbf997bf4661aa9da1e5eef12f60f28cf8a75d17e279777cb95a86e0a5229,60
M0489-N,chart_e6dae163ce8a2cd28d8693f4,Which plotted month in 2024 had the same sentiment scores as January 2023 for both Top 10% and Average hospitals?,2024-04,,,e6dae163ce8a2cd28d8693f4e350c7ae4f2044189e566740adb7a63d84809eeb,60
M0494-N,chart_e8401a31a6a1c71a45d7f690,In which plotted year did Germany's Olympic viewership first exceed 60 million?,2008,,,e8401a31a6a1c71a45d7f690442deeaf3995bfb90e5026fbfb32e4a22703d72a,60
M0497-N,chart_e9c32ee4e8bf77beed6ff32f,By how many USD millions was Sierra Leone’s net multilateral ODA lower in 2022 than in 2010?,19 million USD,,,e9c32ee4e8bf77beed6ff32fc9cbc6d2f9d605cd6e03343962ef29510e445a21,10
M0500-N,chart_ea82753964dfb6f75689d8d7,Which country has a total customer loyalty score strictly between Belgium's and the UK's?,Italy,,,ea82753964dfb6f75689d8d716eeb21e63122c4583fec1e0b80a00f4de564bb8,60
M0502-N,chart_eb409b398da03ca0b18acd69,What was GPU market share in the year immediately after TPU market share was 12%?,82%,,,eb409b398da03ca0b18acd69ed3d907f57a90b2a93f09994faffd729e30d4331,1
M0506-N,chart_ef707a3aff5d81ae11388c5a,Which numbered swing state has the greater total cumulative awareness lift across TikTok and Instagram: state 3 or state 8?,State 8,,,ef707a3aff5d81ae11388c5aec1de48a01fe9f2b2251d7c4c836633341b6357d,60
M0511-N,chart_f1dca34b3ba4df538b343841,What is the first displayed year in which India's fertilizer sales exceeded Germany's?,2015,,,f1dca34b3ba4df538b343841302a82939dd106e01d2f3d8d5e9b13e72c05cfef,60
M0512-N,chart_f3abb637b7386596fa5959ae,Which other division code has the same initial allocation share as 0121?,0608,,,f3abb637b7386596fa5959ae8f26c86c330630a45c972af86d69f5346c7c531f,60
M0513-N,chart_f3ce09e16ba530e791fcb15e,Which state's segment lies between Pennsylvania and Wisconsin in the 2020 band?,Ohio,,,f3ce09e16ba530e791fcb15ecc20e6848b5b3290477ec098d409df2c6e13411d,60
M0522-N,chart_f9492d933be0139910ec3c82,"In the 2024–2025 distribution, which category other than 085 has the same percentage share as 085?",030,,,f9492d933be0139910ec3c82c68c9fa868ab1d4f758c03cf6621cbfd3052e823,60
M0528-N,chart_fc7ecef8aa3146c41a1b9249,What is Clothing's printed value in the first year that Books has a printed value of 2?,6,,,fc7ecef8aa3146c41a1b92492cc021078308488bcfa83d2ecd89821a1b3cc1f7,1
M0529-N,chart_fca387407f165a4cb65bf2f2,Which province has a different comparative ranking from the other three in 2018?,British Columbia,,,fca387407f165a4cb65bf2f2607b9be4fa6357b47ade5d5ca66517c7527feb76,60
M0533-N,chart_fd78c840c4515cc0da5fc671,Which later plotted year had the same food production index in the State of Palestine as 1995?,2021,,,fd78c840c4515cc0da5fc671c58a8c0fa6769a07025ce50c6e68ab058467317f,60
M0534-N,chart_ff60215603841b715cdb3898,Which plotted year after 1990 was the first to have a poverty gap cost higher than the 1990 cost?,2002,,,ff60215603841b715cdb3898f4ca8e32a13f91f2b195ce25419cf724cd1fefa3,60
M0535-N,chart_cf34b2b1665909bcdd556210,Which national park has a visitor accessibility satisfaction score of 79?,Sequoia & Kings Canyon,,,cf34b2b1665909bcdd556210b278421b312d9f8f710594ae099ddf75254ea767,60
M0536-N,chart_dc44df5ec02c13072acb7131,Which economy type contributes more CO2-equivalent emissions to Green Energy?,Developed,,,dc44df5ec02c13072acb71312137423fdb04c6cd8320a5b7b7f0132bdac9e8a4,60
M0537-N,chart_216954d05dcc431ff59470f0,What is the earliest displayed year in which solar energy returns exceeded wind energy returns?,2014,,,216954d05dcc431ff59470f060458217f274b51c5b2ab0c2a92baf9895a84130,60
M0538-N,chart_a234207a6094d7db42476399,"Which country had more registered arrivals in 2021, Syria or Afghanistan?",Afghanistan,,,a234207a6094d7db424763993b162fbae6a456750f2a0c5a6294fa2b49523f89,60
M0539-N,chart_18dd4f3bcf79ba2bd23d9566,"Between Vietnam and Thailand, which country had lower internet access in 2008 but higher internet access in 2016?",Thailand,,,18dd4f3bcf79ba2bd23d9566737daf2c4a7ee5fa84292898de7df5d5712bff92,60
M0540-N,chart_dbbfa4001678b02d3578e5d4,Which company's 2021 contribution value matched Amazon's 2018 contribution value?,Google,,,dbbfa4001678b02d3578e5d4a3fd3ec818da71a39d84ede899bb566a2b59e41d,60
M0541-N,chart_9a648914062c60439be64411,What was the autocratic duration in 1990–1999 of the country whose duration was 28.5 in 2000–2009?,32.8,,,9a648914062c60439be64411b210094482d329fb979e78f7f3c3e65d5df4f4cd,1
M0542-N,chart_91034ab4dff56362bbd3322a,How much higher is the US-series obesity rate in the United States (OECD Avg) row than the rate in the OECD Average row?,11.4,,,91034ab4dff56362bbd3322a25335be826801b6bef9b1c1ad7beb018c2ac22b6,10
M0543-N,chart_376fcd2ba8220108c53773c9,Which platform's preference percentage in Europe in 2024 equaled Facebook's in 2014?,Instagram,,,376fcd2ba8220108c53773c9d1cb1c3e88e7d6bbb67188811ef11b2d92b96432,60
M0544-N,chart_2b8bbc50a797aea3a7d6f62d,What was the average teacher salary for those with a master's degree in the year when Top 1% pay was 475K?,69K,,,2b8bbc50a797aea3a7d6f62d6e786fd80a79db5b366dc044fbbc3e1da0aeaa41,1
M0546-N,chart_b422a57e3c7bb0a52aae16f1,Which podcast category's percentage decreased every year from 2018 through 2023?,Sports,,,b422a57e3c7bb0a52aae16f136cb594925e6e90cb7d9843a18c1d4f066cb7258,60
M0547-N,chart_5cebb41612ddbc9d22e490db,Which fields have Stanford graduation rates above 75% but below 80%?,"Electrical Engineering, Chemical Engineering, Bioengineering",,,5cebb41612ddbc9d22e490db1ccf3be474d9246c993fe1bb054ee4cf7370384d,40
M0549-N,chart_8f24423654b0ce2acbcbb005,Which year is associated with the displayed percentage of 223.9%?,2016,,,8f24423654b0ce2acbcbb005d93ed484914288312e529b539d2287f8a1e41292,60
M0550-N,chart_7d3c8036f5f32adfce0e0908,"Between Germany and China, which country has higher annual cash spend but lower annual credit card spend?",China,,,7d3c8036f5f32adfce0e0908b8ba7bdddfea07aa35fc20d7d3f2e93368b85b73,60
M0551-N,chart_67f6406a43783332a640c15e,Which sector's 2010 value matches Textiles' 2014 value?,Electronics,,,67f6406a43783332a640c15eb57e6fe2408a5ea2b7febd0d56dbbaef975be1fb,60
M0552-N,chart_803f32cefeae2c8c94ae9b78,In which displayed year did Earth Science receive the same budget as Planetary Science received in 2010?,2018,,,803f32cefeae2c8c94ae9b780757a84c902439c5988838fd79012885f0623d8e,60
M0553-N,chart_2581688b065b4889d17d0ad0,What were the 2023-Q3 sales of the country that recorded 58.9 million USD in 2023-Q1?,61.7 million USD,,,2581688b065b4889d17d0ad0cec23b4cd3ed9a2ab010e72cbb80903fd1d13e41,1
M0554-N,chart_872b4a570443f208a7d41eb9,In which displayed year did Southern Africa and Central Africa have equal agricultural export volumes?,2015,,,872b4a570443f208a7d41eb9877c1d33713afcc8120c1208c61b595226a8b445,60
M0555-N,chart_f3f001b98d026fe9b7a42796,Which year had the higher spice crop yield in India: 2010 or 2016?,2016,,,f3f001b98d026fe9b7a42796a8c66ce73875fb07e8f3167c49a0cd1c024b070d,60
M0556-N,chart_4f614aa3a795eb9e56f642d3,Which country had the larger UNHCR population of concern in 2020 but the smaller one in 2023: Ecuador or Venezuela (Boliv. Rep. of)?,Ecuador,,,4f614aa3a795eb9e56f642d328db1b4016ada6f185f29d413eaeffb22ebda46e,60
M0557-N,chart_22d88a103be06c60e8bbc62a,In which year was the share of Hardware Engineer lower than the share of Other STEM Roles?,2022,,,22d88a103be06c60e8bbc62a965425cc06e5356d24b2a84a2295129c0a703ac3,60
M0559-N,chart_37b6418105a84f470bd744e1,Which school has a Traditional math proficiency score equal to Central City School's AI Tutoring score?,Eastgate High,,,37b6418105a84f470bd744e1c49b948931aef6bbb202f83e38663afb471d4c88,60
M0560-N,chart_5a507e62b0deee31986eaa28,Which country's Healthcare breach cost equals Poland's Finance breach cost?,Netherlands,,,5a507e62b0deee31986eaa28c4e14484ac3dc20a24e1c1b1c93f9a49e47aea0d,60
M0561-N,chart_aac7ae5e251173d135399e9f,Which school has a displayed percentage label higher than Southridge High's but lower than Central High's?,Eastside High,,,aac7ae5e251173d135399e9ffc895fc7a45ee5fd667631c5cd24dc24cccca2ff,60
M0562-N,chart_1ef54d7bee49c9fe7819ebdb,Which irrigation methods had lower efficiency scores in 2012 than in 2011?,Flood Irrigation; Surface Irrigation,,,1ef54d7bee49c9fe7819ebdb53b0c4cbbc0342ae3477c330b7299571223c2819,40
M0563-N,chart_321301690541ed47d70c081c,"Order 1420, 1480, and 1600 from highest to lowest Florentine subject matter prevalence.","1480, 1420, 1600",,,321301690541ed47d70c081cf2779561606ab233d6226122379b59795087101b,71
M0564-N,chart_9fbfbfe4d27a09ebe4ea9d69,By how many percentage points did the chart's labeled adoption percentage increase from 2010 to 2022?,20.1 percentage points,,,9fbfbfe4d27a09ebe4ea9d69409a7974b7b24ba8f4e073c18b7d027158b9bc2f,10
M0565-N,chart_0f8e0ba5da0bd12c03635a9a,Which other demographic group has the same displayed trust total as High School?,Hispanic,,,0f8e0ba5da0bd12c03635a9a203e5509594baaa7fe59a7d8e17a76611e129e5a,60
M0566-N,chart_18b4cda61d0c3239478f2e12,Which province's internal migrant count in 2023 matched Zhejiang's count in 2014?,Jiangsu,,,18b4cda61d0c3239478f2e122c6b6ae4391dbb5dff2cd7d3b817f225aacab823,60
M0567-N,chart_68f5d4b84d4b8d005e9132ed,"Between Japan and South Korea, which country has both fewer students per teacher and a higher graduation rate?",South Korea,,,68f5d4b84d4b8d005e9132ed9a9afe22e532f1fcc74c71580c8580c37a3df035,60
M0568-N,chart_73ba4d2ac896f6c09721fe86,Which country's Earth-Based Research funding equals Russia's Space Exploration funding?,Canada,,,73ba4d2ac896f6c09721fe86fdfe02dd9390c202c107c2997b8b2a139d79bffc,60
M0569-N,chart_e3532f8b0ee004529ae4d1b3,In which year did Freight have the same fuel consumption index as Passenger Vehicles had in 2024?,2014,,,e3532f8b0ee004529ae4d1b379ca1776055e05d9ea39d660464699b925cc5bc7,60
M0570-N,chart_9aa335a5b08146c3ddad8515,Which country had the higher obesity rate: Japan in 2023 or France in 2000?,France,,,9aa335a5b08146c3ddad8515fe72b42c221730026f898e8c04e4afd9effcadbe,60
M0571-N,chart_619cbf95d41311aa75134786,In which year did the EU's relative scientific output index reach 38?,2021,,,619cbf95d41311aa75134786291e88a74e335b76a4cd8a203c2b63ae20a941a9,60
M0572-N,chart_75d5821da88863a45079c2b4,What percentage is shown for Africa in the first displayed year when Europe's percentage exceeds 80%?,32.9%,,,75d5821da88863a45079c2b4bb12b9738d1d84b4a9058b59ea1f2e2d206002a8,1
M0573-N,chart_d5dffb1ef5979368083c903a,Which country's polarization index in 2010 equaled Chile's index in 1990?,Brazil,,,d5dffb1ef5979368083c903ad125b9e834fe9d9b7391e9e6f10b5129a84b1830,60
M0574-N,chart_9d982b7d81ea7d486f067e68,Which political figure has the same normalized engagement score among ages 35–44 as Sen. Emily Carter has among ages 18–24?,Rep. Maria Rodriguez,,,9d982b7d81ea7d486f067e68bd262a5b52323f62b94e025b4a3e741349ec4c81,60
M0575-N,chart_07cddce30d2e1ed20e84ba47,In which year did scholarship recipients have the same enrollment rate as non-recipients in 2024?,2014,,,07cddce30d2e1ed20e84ba47e3582c5b950b340b593eb0b01bc81e4da6f6e382,60
M0576-N,chart_1ed92e63bf1a00b8d2a0f893,"Which country has greater solar generation capacity, South Africa or Ethiopia?",South Africa,,,1ed92e63bf1a00b8d2a0f89307bfed493cf1f24cc9333441e8d9d711e58cf608,60
M0577-N,chart_03bda3199fa6536a09a7f8bb,Which company's hardware investment equals Nvidia's software investment?,Samsung,,,03bda3199fa6536a09a7f8bb39a2a24a91577eb4bfe3947064bc5e87935596df,60
M0578-N,chart_30e012f7e6491995ed962ebe,"For Russia, which debris-size category has the largest segment?",Small,,,30e012f7e6491995ed962ebef18dea19866352930f084ff3dbb1f5d6fdda5216,60
M0581-N,chart_b64c6155de45d7675e6a1188,Which module has a Data Sharing comprehension percentage equal to the Decentralization percentage in Data Collection Practices?,Data Security and Encryption,,,b64c6155de45d7675e6a118880ff6d6ab937063ccc296498029c3fa8aad4e30f,60
M0582-N,chart_a7ead2437d879ce34e13addc,"In the year with total advertising revenue of 267 M, which podcast genre has the second-largest revenue band?",News,,,a7ead2437d879ce34e13addc59267234200540c16bc7b66c7357e38571b7c980,60
M0583-N,chart_1550fbaaddd36ebc8bba86bf,Which region had a mortality rate of 200 in 1958?,Americas,,,1550fbaaddd36ebc8bba86bf7bcf2be5bc2ffb13325ce4729f6de2d1bb13e4ea,60
M0584-N,chart_d9106c3676a4f7b08f671d60,Which age group had the same public-perception value in 2024 as the 51+ group had in 2014?,26-35,,,d9106c3676a4f7b08f671d608df5e04458bde6cbe48233199dd46eb03ce106e6,60
M0585-N,chart_b9b95b04c8185e1c44fe799a,Which group had the larger increase in productivity index from 2019 to 2022: SME or Enterprise?,SME,,,b9b95b04c8185e1c44fe799aa31bbe07db397d284255cca2471f47023554754b,60
M0587-N,chart_889d2398a2efd3b667af748e,Which country's post-visit trade volume falls strictly between Australia's pre-visit and post-visit trade volumes?,Brazil,,,889d2398a2efd3b667af748eda7a329ae6ace65a960a99a17c44d98f4a790707,60
M0588-N,chart_966ab232d4655b1b33c195c0,Which country has a male service sector employment percentage of 53.8%?,Suriname,,,966ab232d4655b1b33c195c0f1c83c01e19cbdf192c5d3ca285df3f4fa043631,60
M0589-N,chart_71c91303a62cff7c7c7ddd57,What was the 2010 polarization index for the age group whose index was 61.4 in 2018?,52.5,,,71c91303a62cff7c7c7ddd57287815951ab0e45efbcb665e106297c1684a3688,1
M0590-N,chart_769ce59c893914e9de57f801,Which country had the second-largest share of women's soccer viewership in 2020?,Canada,,,769ce59c893914e9de57f80146dad2564f116f19f1565f56e355c1c565bba9b5,60
M0591-N,chart_76be1d719b66ac2297f205e1,How much did the polarization index increase from 2000 to 2020?,47.3,,,76be1d719b66ac2297f205e101f4e5aaf384ecfb07e60d4fdfa154f5304f8ed1,10
M0592-N,chart_80ed0eebae30183e10ae2dcc,Which recipe with a displayed value above 50 has protein as its largest macronutrient component?,Jerk Chicken (Baked),,,80ed0eebae30183e10ae2dcc89f905e958471a7f29767d7d93c39052eaefc70c,60
M0593-N,chart_8bab16c52323218844c3cf96,Which region has a hypertension rate of 21.1%?,Yorkshire and the Humber,,,8bab16c52323218844c3cf96bd4b5d7c112c8ab06b5401e64c077271b4ebfd73,60
M0594-N,chart_4af8e20a00f7e115173b4c10,Which year had combined attendance for Dublin and Edinburgh higher than in 2018 but lower than in 2024?,2022,,,4af8e20a00f7e115173b4c101b47c196bad20efe302214773ac894171c63db7f,60
M0595-N,chart_d2f02fe9923245242a9a142b,Which years have labelled overall crime volumes greater than 18 but less than 21?,"2021, 2022",,,d2f02fe9923245242a9a142b5ef608c99cbb8c0d67f885a8a357f1e4e002263f,40
X1600-0002,chart_6fd6b0f5c77ff0e7d1847e07,"Rank Geron, Infinity, and Esperion Therapeutics by median employee salary, highest to lowest.","Geron, Infinity, Esperion Therapeutics",https://brobible.com/wp-content/uploads/2018/07/highest-paying-companies-in-every-state-map.jpg?quality=90&w=650,,6fd6b0f5c77ff0e7d1847e07e8aecdbc02214b6e60138247ee40aa1642563c1f,71
X1600-0003,chart_b2cd36357b85bb85ed6f7b09,"For the airline with an on-time performance value of 80.5 in 2018, what was its value in 2020?",89.1,,,b2cd36357b85bb85ed6f7b09a16c077b3a62d8bf1c1dab874d68369b309ee29d,1
X1600-0004,chart_dcd8e0132dba83720d8b34df,"Among IND, JPN, and CAN, which country has an egg price per dozen below half the median price of those three?",IND,,,dcd8e0132dba83720d8b34df85470d01b89db5c55abf1832dae88c5cc24c2be5,60
X1600-0006,chart_5862980720d07a2f212ede60,"Among languages with 70–80 million native speakers, which is spoken in the most countries?",French,,,5862980720d07a2f212ede603971d1c2ab718725fe804498ca2b59620bfb5fea,60
X1600-0007,chart_2b3172235e97413a0c61e4d8,"Rank Iraq, Guyana, and Nicaragua from highest to lowest female estimated gross national income per capita.","Iraq, Guyana, Nicaragua",,,2b3172235e97413a0c61e4d895af95515ab0b189f2fede5e87f8feaa99811e86,71
X1600-0008,chart_784f4ae7c08ad84372c59aef,"At their final plotted observations, which country has the higher PISA score, Finland or South Korea, and by how many points?","Finland, 20 points",,,784f4ae7c08ad84372c59aef1effbc49d2f793a7f141515ba755cfeeaecc9516,71
X1600-0009,chart_2b3172235e97413a0c61e4d8,Which country has the higher male estimated gross national income per capita: Burkina Faso or Niger?,Niger,,,343d39dca7f5d9b3412d37f8643ffc4394f7d3b5fbc6b24177ffb24c48843cb0,60
X1600-0010,chart_21685cba709994901f23327e,What is the difference between GWM's and Renault's printed rank numbers?,10,,,21685cba709994901f23327e1d502bebfbfbc4717f62d6af1dc90b9b1b3bd2ef,10
X1600-0012,chart_d24e891977959e0cc57c0788,Which corporation reported a net loss of ₱4.98 billion in 2022?,Philippine Associated Smelting and Refining Corp.,,,d24e891977959e0cc57c0788f7d871701882b41c77fcc78785a48dbc76c94ace,60
X1600-0013,chart_2e9df12cd94980aa0ad79256,"Which United Kingdom company ranks second by total funding, from highest to lowest?",Darktrace,,,2e9df12cd94980aa0ad7925681c763cc596dc7d76da323d48cfe98176d32eae5,60
X1600-0014,chart_bfebd4d4098f272f31e3ad49,Which years have flows to Audi? List them from earliest to latest.,"2014, 2024",,,bfebd4d4098f272f31e3ad499064a3b1bc4578aa62f2b76116f17d70f0be717d,71
X1600-0017,chart_9b7b3337b1a4e5f0c1f775b8,"Among telephone prospecting, mailing, and responses to public tenders, which channel do design agencies rate as most effective? Answer with the French channel label.",Réponses aux appels d'offres publics,,,1121250872cfdc38976aa500d6044239ed48d6cdf4c64f8ec54bb78e3c7d007d,60
X1600-0020,chart_fe37c7ca93493cde4319b90b,What is the arithmetic mean of the YTD price changes for Bed Bath & Beyond and National Beverage Corp.?,42.5%,https://www.visualcapitalist.com/wp-content/uploads/2021/02/Most-Shorted-Stocks.jpg,,fe37c7ca93493cde4319b90bd2f730dc6879507d4ab5ba4a548caf43841d3027,10
X1600-0021,chart_8924bfdad3742d286c9953e9,"For the influencer-endorsed series, rank 2011, 2021, and 2024 by voter turnout from highest to lowest.","2024, 2021, 2011",,,8924bfdad3742d286c9953e9fd5b4719d7850de0fe941777b61f647f912479a3,71
X1600-0022,chart_b18c55875151fbf07722c996,"Which has more licensed hunters, Wisconsin or Colorado?",Colorado,,,b18c55875151fbf07722c99622d74d3be7e885a4a7eae6118ebd87495688bdf2,60
X1600-0023,chart_0069540d31c069bbda43aed6,"Rank GTA IV and GTA V by estimated revenue divided by copies sold as of August 2023, from highest to lowest.","GTA IV, GTA V",https://www.visualcapitalist.com/wp-content/uploads/2023/12/OC_GTA-Infographic.jpeg,,0069540d31c069bbda43aed6ad9206a2c2d61b77221ed498285bafa2e95d494e,71
X1600-0025,chart_b943dabbf53751fbb23e8096,"How many of Qatar, Kazakhstan, and Laos have CO2-emissions bubbles?",2,,,b943dabbf53751fbb23e80964488133a82da292af27807290474a738d28fc068,54
X1600-0026,chart_a13fb6bc7baf8d4dc9c2aab9,What infection category does the chart show for H7N7 in seals?,"Commonly infects, high mortality rate",,,a13fb6bc7baf8d4dc9c2aab9b76edbf2ae433be9b2a2e67fc83bae13b7a83f47,60
X1600-0027,chart_84f4ad7873022098c61d63bd,"In 2016, what percentage of projects completed within their original budget, and what percentage completed on time?","53%, 49%",,,84f4ad7873022098c61d63bd522b8405c27903c89bcb80751bcad193c861328b,71
X1600-0030,chart_5de3f08880030666e2bcb4d9,"How much greater was Beijing 2008's hosting cost than Los Angeles 1984's, in billions of dollars?",42,,,5de3f08880030666e2bcb4d97f06dbfb704ec1393413dfac0ac3ce3fac68ab2c,10
X1600-0031,chart_6ba8893fc050b7760e12bfb6,"From 2013 through 2018 Q1, which unemployment-rate pattern applies to Spain and South Africa, respectively: increasing throughout, decreasing throughout, increasing then decreasing, or decreasing then increasing?","decreasing throughout, increasing then decreasing",,,6ba8893fc050b7760e12bfb6935041ce163bb5ff53440abe6fa2a99b2bd20799,71
X1600-0032,chart_6a8c90f4ab52bf89979adc21,"Among EXPERIENCIAS, RASGOS DE PERSONALIDAD, and PREGUNTAS, rank the categories by the size of their largest AMOR bubble in PUNTO 0, largest first.","EXPERIENCIAS, RASGOS DE PERSONALIDAD, PREGUNTAS",,,6a8c90f4ab52bf89979adc21937ac30a423995c0543f54aa884b0104a13a5733,71
X1600-0035,chart_402c2eff89df9db7bbfd59cc,"Order February, November, and June by total travel time, from shortest to longest.","February, November, June",,,402c2eff89df9db7bbfd59cc411e3176fe8cd5f984d51a8dd0c69ec0920cf4d2,71
X1600-0036,chart_3b740370bf1d8399c40d8570,How many more colored timeline cells does BESPOKE PHOTOSHOOT have in November than in December?,2,,,3b740370bf1d8399c40d8570c30adce7bf1703a20bfff491be8f680a0a3c0d53,10
X1600-0037,chart_4372351122444a08513c68aa,"Of the combined increases in funds received for 2007 and 2011, what percentage came from 2007? Round to one decimal place.",10.3%,,,4372351122444a08513c68aad8b00cfd8cac03ab8363048a98fa8041db0371e6,10
X1600-0038,chart_ec6e0f973aca0bcb56c8090f,"Which metric has the lowest red-line percentage: Technical Excellence, Roles & Expectations, or Effective Facilitation?",Technical Excellence,,,ec6e0f973aca0bcb56c8090f066ef811c88453860d3b9588943a892019898138,60
X1600-0039,chart_5e2e0bb75fd64ca5a579e79a,Which community theme includes Mixed Use Communities?,Diverse Communities,,,5e2e0bb75fd64ca5a579e79afc000e4a5483687a6a78bf1a8316b2bc69bfdd95,60
X1600-0040,chart_8111f845dc4a681f64746883,How many group-stage matches is the predicted tournament runner-up expected to win?,3,,,8111f845dc4a681f64746883a48006ca795ba2249469df40052bc533369fa07b,1
X1600-0041,chart_170a5bdd394f7dffdc7d75e1,"How did the number of billion-dollar severe storm events change from 1982 to 1983, and then from 1983 to 1984? Answer each change as increase, decrease, or stable.","decrease, increase",,,170a5bdd394f7dffdc7d75e1b76a0d024053f9afb302ccb58f9bad604d8b6e46,71
X1600-0042,chart_bf43e4dfa65683d3719a2660,"For Octopus, rank Play behavior, Maternal response to offspring distress, and Valuing behavior from most to least affirmative assessment, using Likely yes > Lean yes > Lean no > Likely no.","Play behavior, Valuing behavior, Maternal response to offspring distress",,,bf43e4dfa65683d3719a2660ea454c15810e3abe3c54cb92a3566a8b503ae9be,71
X1600-0043,chart_fa2bbc428fd5635d98f3dece,"Among USSR, FR, and E. GER, which countries have a darkest-shaded bar longer than their lightest-shaded bar?","USSR, E. GER",https://files.catbox.moe/yze3f2.png,,fa2bbc428fd5635d98f3dece08eeb59f69bd191d1693ee4d82c34f596b1deb3d,40
X1600-0046,chart_59516ed6a80ba340f2d64594,What crypto tax rate band is shown for the Philippines?,30%+,https://files.catbox.moe/sbamwt.png,,59516ed6a80ba340f2d64594963c3cb4b8653d7e407ec323efa6a0e12fabd484,1
X1600-0048,chart_9b1afe2f622350c1070742f1,"Order the companies earning $389.38 and $693.75 per second by their displayed Fortune 500 rank, smallest rank number first.","Fannie Mae, Wells Fargo",,,9b1afe2f622350c1070742f128b0c279e217c7a83b96314355e1a94bb9d4f50a,71
X1600-0049,chart_018044657c4c642e42bcd169,Which color series had a standardized infrastructure growth index of 0.16 in 2023 and below 0.06 in 2020?,teal,,,018044657c4c642e42bcd1697b0b5dac3fc63621359963c094a1190e56dcc4af,60
X1600-0050,chart_4fa51343e518fa53aaeb3685,What percentage of the combined profit per second of Daiichi Sankyo and Abbott comes from Daiichi Sankyo? Round to one decimal place.,12.2%,,,4fa51343e518fa53aaeb3685553ae3be21c9773679a144af745a498799e9a357,10
X1600-0051,chart_61395d48e9ed0803a8cc0e88,"Among finance and insurance, information, and energy/water/telecommunications supply, which sector has the smallest dollar difference between men's and women's median annual incomes? Give the French sector name.","Fourniture d'énergie, d'eau, télécommunications",https://cdn.howmuch.net/articles/cover-c198.jpg,,61395d48e9ed0803a8cc0e888ddbef3b9150a6ba91506a78181ec068d755b54b,60
X1600-0052,chart_6490fd7397326fbf357cbb2a,"For hunting and playing billiards, respectively, which participation pattern is shown: two separated morning-and-afternoon humps or one dominant late-evening hump?","two separated morning-and-afternoon humps, one dominant late-evening hump",,,6490fd7397326fbf357cbb2a39b3e4596107a23175cea7268854d5fdfd6bb0a9,71
X1600-0053,chart_9a2374471d647c9d87f775e2,"Among the five biggest companies listed for 2018, which has the lowest intangible share of enterprise value in the central company chart?",Alphabet,,,9a2374471d647c9d87f775e2ba055c75edda4c00e6ee5e9bcf0389866f364aee,60
X1600-0057,chart_15f67187e25f408a25adc7b2,"Order Corona, Fontana, and Lancaster by how close their average one-way commute times are to 33 minutes, closest first.","Lancaster, Fontana, Corona",https://www.visualcapitalist.com/wp-content/uploads/2024/12/US_Cities_with_Longest_Commute_SITE.jpg,,15f67187e25f408a25adc7b24f8a10a99cf1862fff642c3250f54177781a7078,71
X1600-0058,chart_2c160e5684e66c50154cb596,"Among Bob Dylan, The Beach Boys, and The Rolling Stones, which have numbers greater than 80 printed in their bubbles?","Bob Dylan, The Rolling Stones",,,2c160e5684e66c50154cb5969213378ffd18071c384bf1a9e5a7cb2fee2c55d2,40
X1600-0059,chart_62139757d0cf93cb5a1fd86b,"Among Kakao Talk, Snowball, and Viber Games, how many are classified as Gaming?",2,,,62139757d0cf93cb5a1fd86bad0286e26e75c7f1079b5955647c2ec01d8c7b7a,54
X1600-0062,chart_66a849d98f354a0eeb94cfa9,Which electricity-price component is smallest in the Netherlands?,Skatter & afgifter,,,66a849d98f354a0eeb94cfa91e23da7c2e1bb40601cc87e0c9c7ab84f601cb58,60
X1600-0063,chart_6e85a855106ae7b921b51662,"Which literary categories are assigned to Papa Francesco and Andrea Camilleri, respectively?","Religione, Narrativa",,,6e85a855106ae7b921b51662e7ffb22d4e9190788bfc916dac49b864e419afbe,71
X1600-0064,chart_6ccf6a9ffbd9e347eb852ba4,"Which riders are linked to 1961 and 1965, respectively?","A. PAMBIANCO, V. ADORNI",,,6ccf6a9ffbd9e347eb852ba427a5d64c5be4418cfc7d1af38ea06910d1e7f3ac,71
X1600-0066,chart_4800be3629215f8d51fa6956,How many days longer is the maximum listed germination time for BERENJENA than for CHIRIVIA?,5 days,,,4800be3629215f8d51fa69562e10a3893457101fa651016bce8ed6dd37720cb5,10
X1600-0068,chart_74ae8c187fe08215564bc9cc,"Rank the third, sixth, and seventh International revenue entries from highest to lowest. Identify them by their entry positions, counting from the left.","sixth, third, seventh",,,74ae8c187fe08215564bc9cc24bce149bdc971e839e0e7ef70caa9a7958315da,71
X1600-0070,chart_b3bcbe0235f1a2705d26a7d7,"Among Self-Organizing Teams, Inspect & Adapt, and Backlog Refinement, how many have outer-bar scores above 25?",2,,,b3bcbe0235f1a2705d26a7d7ae79236bf88b83df4a18468470427f6b10eb0900,54
X1600-0071,chart_30d962fd3771487b9f2f31ac,"Of Atari 2600, Nintendo 64, and Clippy, what fraction have plotted lifespans longer than five years?",2/3,,,30d962fd3771487b9f2f31ac4ed0687109f02d3a941c30d13c6e0d1bc889fc5f,10
X1600-0072,chart_5a297d3ab4e9b82cbb060726,"Which of 2005, 2010, and 2011 had the highest average interest rate?",2010,,,5a297d3ab4e9b82cbb060726a03075bc75e893f9ad431a60b0f9f58a785dbdc3,60
X1600-0073,chart_534b5e6d3a6e1d0532422950,"Which cities have home price-to-income ratios of 8.4 and 4.6, respectively?","Oakland, New Orleans",https://www.visualcapitalist.com/wp-content/uploads/2024/10/Home_Price_to_Income_Ratio_SITE.jpg,,534b5e6d3a6e1d05324229503f8116104f57121020888a79758dccf6513e98a1,71
X1600-0075,chart_05ea17e2b8b85ff8b16c227d,Which two luxury investments tied for fifth in Latin America in 2020? List them alphabetically.,"Coins, Furniture",,https://www.visualcapitalist.com/comparing-luxury-investment-around-the-world/,05ea17e2b8b85ff8b16c227d08d53bcef4bd4b13d47eab91cd6049728c8c2e6c,71
X1600-0076,chart_87c3bda13051d9d4803d1a10,Which legend category contains Rhode Island's largest export?,Precious stone/metal,https://www.visualcapitalist.com/wp-content/uploads/2018/04/biggest-export-each-state.png,,87c3bda13051d9d4803d1a102387a8c0c1b8cbce209e5503a0aefeaae6ed7696,60
X1600-0079,chart_2dc6de11c72d104652653a32,How did the Self-Employed Individual compliance rate change from 2018 to 2019 and from 2019 to 2020? Answer in that order.,"increase, decrease",,,2dc6de11c72d104652653a32b8c76ba976d6d69e7e6aca7b348b30ddf637b69e,71
X1600-0080,chart_c10b90f4db9aa4b5e656e7c9,By how many percentage points does the share of companies with positive earnings in the S&P 500 exceed that in the Russell 2000?,36 percentage points,https://www.visualcapitalist.com/wp-content/uploads/2024/12/Share_of_Companies_with_Negative_Earnings_in_US_SITE.jpg,,c10b90f4db9aa4b5e656e7c9da1f7243f3cce8be150aa8245ec00c1410bb0da0,10
X1600-0081,chart_a59b80fa8de5ed6a0f3a2268,"Which grocery stores were most popular by foot traffic in 2022 in Maryland and Florida, respectively?","GIANT, Safeway",https://s3media.247sports.com/Uploads/Assets/650/595/11595650.jpeg,,a59b80fa8de5ed6a0f3a2268fbd1fa363171fbbd03571d96c05340dc43d59f47,71
X1600-0082,chart_bf2c36ae4d599fb4500ed535,"Among days 20, 70, and 90, which have displayed percentages of at least 160%? List the days in increasing order.","20, 70",,,bf2c36ae4d599fb4500ed5357f20de22d5e9fcbd8c04333634efec7760d1e1aa,71
X1600-0084,chart_3e4bb9e3fea353a66eb8a144,What percentage of combined PC and Console revenue in 2014 came from PC? Round to one decimal place.,45.8%,,,3e4bb9e3fea353a66eb8a14427d2cdfeb444b4a225885973435562c839ac6492,10
X1600-0086,chart_0776c88a4b141c6e4dcfa9c9,"Among the firms listing Airbnb, Monday.com, or Dynatrace as notable current investments, how many raised below $25 billion and how many raised at least $25 billion over five years?","2, 1",,,0776c88a4b141c6e4dcfa9c9be6ce3365010d2e7c71a64662f1be674f05ddc49,71
X1600-0087,chart_97df2bf883287de2fa171415,What was the Netherlands' annual inflation rate in 2023?,5.4%,,,97df2bf883287de2fa17141594ebba4aaad4e7d1d158930b88f16ba91fcc1919,1
X1600-0088,chart_2655f44591a46ee617690189,"What is the total cost of buying 1GB of mobile data in NP and 1GB in MX, in USD?",$4.23,https://files.catbox.moe/gfhf0f.png,,2655f44591a46ee617690189e96951e031a97bc9f8b09bd85f9aedd64c09b35c,10
X1600-0089,chart_3fa0cd5fce4e30632d4043ed,"What per-capita CO₂ emissions value is shown for the grouped entry containing Brunei and Singapore, in t/year?",7.6 t/year,https://www.visualcapitalist.com/wp-content/uploads/2021/11/carbon-emissions-per-capita-country.jpg,,3fa0cd5fce4e30632d4043ed14aed53e3d1af89f172a0666bb6da16afcc06516,1
X1600-0093,chart_82d61e1f1982c58a26f70947,"For Malta and Jersey, respectively, is today's flood-risk exposure above or below 100 people?","below, above",,,82d61e1f1982c58a26f7094748bd5145e071a67917456e5bf2349003311c0e17,71
X1600-0094,chart_b33fa489b60e7280b083db2c,"Of the sum of CO₂ emissions per capita for the economies at printed STI ranks 28 and 6, what percentage comes from the economy at rank 6? Round to one decimal place.",6.2%,,,b33fa489b60e7280b083db2ca64af49e5626ec4dca9bdfa9e833af53037e614e,10
X1600-0095,chart_5d4a92f84995ebe943d78fa7,"Among Kitchen, Home Decor, and Tech, which category has the smallest percentage-point gap between its two displayed return rates?",Home Decor,,,5d4a92f84995ebe943d78fa70ea33277909e5ad4c6300396b9cc5967ac4d01f2,60
X1600-0097,chart_07cddce30d2e1ed20e84ba47,How many percentage points higher was scholarship-recipient enrollment in 2016 than non-recipient enrollment in 2010?,17.3 percentage points,,,07cddce30d2e1ed20e84ba47e3582c5b950b340b593eb0b01bc81e4da6f6e382,10
X1600-0098,chart_af3f1ea020ffc1f3b7c2cbf8,How many more EVs were sold in the UK than in France in Q2 2023?,2280 EVs,,,af3f1ea020ffc1f3b7c2cbf8975d9f27f2820c98a4ddff911588c81399b07d59,10
X1600-0102,chart_af33428097a1ea317a7848d3,"Which regions have savings bank account ownership of at least 96% but below 97% among households earning ₹50,00,000–₹1,00,00,000? List them alphabetically.","Northern, Southern",,,af33428097a1ea317a7848d30bd2bf9dc10b8031d6d8cfaeca8c5a50197f4dc4,71
X1600-0104,chart_9469aa1ee5396287a346778d,What percentage of frequent fliers are collectors?,18%,,,9469aa1ee5396287a346778ded392743b692b62fe19904212fb0dc087684abb2,1
X1600-0106,chart_715d91ff45b8e945d9a373e2,"Among the countries shown at 30% for the next 10 years, which had the highest percentage over the past 10 years?",UK,,,861f29add6b1377bb650baf31b64caf383552345c734e542369dd9320025653f,60
X1600-0112,chart_f129b20c5421759b6a6ac28b,"What is the combined forecast cost listed for the USA and Germany, in billions of euros?",€63.50 billion,,,f129b20c5421759b6a6ac28b566e10877e008e3ba1f001304911d3a93f37ae70,10
X1600-0113,chart_71f9b5f38ad9f1a89c6c997c,During which interval did the Species Relocation pollinator count increase more: 2017–2020 or 2020–2024?,2020–2024,,,71f9b5f38ad9f1a89c6c997c6b1fadf85f0f898106889ab4a96d5f48bf8c6621,60
X1600-0114,chart_964e54f283284bc1787d98c9,"At 10 PM, which street is a low-noise outlier, defined as having a noise level more than 3 dB below the median across the five streets?",Maple Drive,,,964e54f283284bc1787d98c981c159f33237e9aab289b259cf10bbf24f617bfc,60
X1600-0116,chart_7dee4941e566e0b66c75bbd4,Which colored series had the largest increase in literacy rate from 1950 to 2023?,Blue,,,7dee4941e566e0b66c75bbd4cb38ef23ea2af9687690fad093de1db83444a8f0,60
X1600-0117,chart_69a098d7ecbce96239a9cb33,"In which year, 2010 or 2014, were the Southern, Eastern, and Western regions' transparency scores equally spaced when sorted?",2010,,,69a098d7ecbce96239a9cb333c2255a401bd93a5adfe2024c41581250bf14fb0,60
X1600-0119,chart_52a5625d830281aa8c1012e2,"From January through May 2023, does Outerwear engagement increase every month, decrease every month, or change direction?",increase every month,,,52a5625d830281aa8c1012e26848492f5396a4b769450be457bba133718d2a29,60
X1600-0120,chart_389d717e3a81072557e10b65,"Rank Kuwait, Vietnam, and Saudi Arabia by mobile cellular subscriptions per person in 2006, from highest to lowest.","Kuwait, Vietnam, Saudi Arabia",,,389d717e3a81072557e10b654ad1a01150120a44733a6091b7ec7464c43f2908,71
X1600-0122,chart_7c89d030b0a341c6baffdaed,"Among India and Mexico, which supplier qualifies as an outlier under the rule that its U.S. steel import value exceeds five times its aluminum import value?",Mexico,,,7c89d030b0a341c6baffdaed9a2418126a01f15c8033bc90ac26223ac0571de8,60
X1600-0123,chart_55257697e41f46732585f98c,"Among Collaborate & Research, Stabilize, and Test End-to-End, how many have red-line values above 50%?",1,,,55257697e41f46732585f98ccefa646ae23bd10d4c664e67d7b7909ad5ed4c90,54
X1600-0125,chart_467a9c1574755a094b291b3b,"By how many percentage points does the share of injury incidents on August 22 exceed that on August 23, 2021?",1.8 percentage points,,,467a9c1574755a094b291b3b957bb7ce1c1813b18eb485e82a13dabed4aa9429,10
X1600-0127,chart_3862da43eb733856a1b7d135,"Among Poland, New Zealand, and Vietnam, which country has the second-highest annual growth rate for 2015–2020, and how many vehicles per 1,000 people does it have?","Poland, 761",,https://www.pinterest.com/pin/816840451200519154,3862da43eb733856a1b7d13507a1022ce12db19f7f67af63fd3bf4064c56537e,71
X1600-0128,chart_9692df1b2ed6667dabeee33a,"Among Korea, New Zealand, and Sweden, which countries have at least 270 minutes of women's leisure time per day? List them alphabetically.","New Zealand, Sweden",https://files.catbox.moe/ip0ybf.png,,9692df1b2ed6667dabeee33a022ae39cfba6ec8d910cd549250f4ec88e81e199,40
X1600-0130,chart_7ee98a1efe689dd72e1fc693,"Among New Hampshire, Maryland, and Hawaii, which state has the highest gun-friendliness score?",New Hampshire,https://files.catbox.moe/wimvfq.png,,7ee98a1efe689dd72e1fc693765952ed7b859321dadd7aa6ba6e18a7e9680202,60
X1600-0132,chart_5652f093125580b3d2878140,Which sectors had less funding than EdTech in 2014 but more funding than EdTech in 2023?,"CyberSecurity, E-Commerce",,,5652f093125580b3d2878140f599f2074c63d9adf439c8432ca4bdf2598fe703,40
X1600-0133,chart_220d902cbba95dbc1da19507,"What labels appear in the green region immediately west of 'Racing' and the yellow region immediately east of 'Rain', respectively?","Irrelevant, Potatos",https://files.catbox.moe/ztcmoy.png,,220d902cbba95dbc1da1950784d25fc2f2a9c1252b56bfe6246c61d2281e9c3e,71
X1600-0137,chart_868c41309deec55069d79f37,"Which employers have average times to job offer of 6.33 days and 26.85 days, respectively?","Planet Fitness, San Bernardino County",https://images.ctfassets.net/14q5t4r3zqb4/Vy291lODy4ca5fzyjIpFH/cea2aa25a1712396bbbe1da64112690c/01_The-American-Companies-With-the-Longest-and-Shortest-Job-Interview-Process.png,,868c41309deec55069d79f3757f5259785ece50ac586f5c03a3e69aa140cbe0b,71
X1600-0140,chart_9073bb28e1cb796d55bd333b,"For rappel, ATV trips, and ziplining, which participation pattern applies: all below 20%, most below 20%, most above 20%, or all above 20%?",most below 20%,https://i.pinimg.com/736x/c8/16/8a/c8168ac9277da64490514ca90a047ef0.jpg,,9073bb28e1cb796d55bd333b87113891dfcecfaf778d7a5773600c431dd27e25,60
X1600-0141,chart_72819d5cd61680408f3b4dd0,"Order Brazil, Australia, and the Netherlands from lowest to highest GDP in 2022.","Netherlands, Australia, Brazil",https://www.visualcapitalist.com/wp-content/uploads/2022/12/Global-Economy-2022-MAIN-1.jpg,,72819d5cd61680408f3b4dd07394efc3f917a8f3b2454b5fe677f86d74d623ed,71
X1600-0142,chart_dd8911c971ac344ba6d59d90,During which interval did Urban consumption increase more: 2021–2022 or 2022–2023?,2021–2022,,,dd8911c971ac344ba6d59d9068d07feaf435562996a2d5bd47e83d76c5a741eb,60
X1600-0146,chart_c954e1f93be4fa768cc69649,"Order IL, CA, and FL from highest to lowest population density.","FL, CA, IL",,,c954e1f93be4fa768cc696499acfed355584933cf0721088d43384f9f64cb1b5,71
X1600-0147,chart_9fde145e251b8560ff40d815,"Among Czechia, Hungary, and Slovakia, which countries increased their defense spending by between 100% and 110%, inclusive, from 2014 to 2021? List them alphabetically.","Czechia, Slovakia",,,9fde145e251b8560ff40d8156dddab6da4385d1282f2540ccd8bf49b9c137bbe,40
X1600-0148,chart_0104e6f53b6d6008aea00713,What is the average likelihood shown for abrupt technology adoption and increased automation-related unemployment?,19.3%,https://www.visualcapitalist.com/wp-content/uploads/2020/06/Whats-At-Risk-18-Month-View-of-COVID-19-Risks.jpg,,0104e6f53b6d6008aea00713580df107b94464455cf605f7785bbb90d915a16e,10
X1600-0151,chart_695193ad5ba127fd59ea43dd,Which country rose from ninth place in 2022 to eighth place in 2023?,Luxembourg,,,695193ad5ba127fd59ea43ddf98c69c6d7fc45efca631c0b003775b30fea9225,60
X1600-0152,chart_c56e11282dca7624d223d82f,"Among China, Italy, and Japan, as the 2024 debt burden score increases, does the change since 2022 strictly increase, strictly decrease, or follow neither pattern?",strictly decrease,,https://www.pinterest.com/pin/700098704608262627,4823941e25cbb902a9fba7e4418da6a06ad5320027dee47edd735da39411776c,60
X1600-0155,chart_801ae2586c62f7774ba30226,"How much higher is the labeled cumulative cost projection for 2034 than for 2028, in millions of euros?",1.8,,,801ae2586c62f7774ba302268a7bb68b45dddab59391dc970430dd3715b57464,10
X1600-0156,chart_adf32e888c4cd3cf30821f5b,Which of the intervals 2010–2013 and 2015–2020 had a decrease in displayed value greater than 0.20K?,2015–2020,,,adf32e888c4cd3cf30821f5b7706c236a0cb416eb637a066e8de7c4ca6be51fe,60
X1600-0157,chart_642acdd6f2e18c92c230278a,"In 2018, how many percentage points higher was the share unable to afford unexpected expenses in Romania than in France?",14.5 percentage points,https://files.catbox.moe/o5c04v.png,,642acdd6f2e18c92c230278a195ebcb172e894409b16ff42114cf120a5be229e,10
X1600-0158,chart_7b11f4ab087d612bf00379e0,"What directions of market-value change from 1996 to 2015 are indicated for Sage and Centrica, respectively?","increase, decrease",,,7b11f4ab087d612bf00379e0946b03ee0acac8a40b48287b20dee8ed1ff96f60,71
X1600-0160,chart_5dce189b4b47f2add1fe13db,Classify Liquefied Petroleum Gas and Chemical Tankers by whether their fiscal 2023 net tonnage was above or below 50 million. Answer in that order.,"above, below",,,5dce189b4b47f2add1fe13db2e857f627ffeb49606f76f05d6bc749c15a5efd0,71
X1600-0162,chart_d27de998d4a50df14c84e5d0,"Of Falco pescatore, Falco cuculo, and Falco della Regina, what fraction belong to Falconiformes?",2/3,,,d27de998d4a50df14c84e5d01c0e19178b6dae17da93fe903359add1b3313653,10
X1600-0164,chart_d35d257b9bf28262c9f6ce1f,"Among PERSONALIZATION, LANDING PAGE, and TARGET AUDIENCE, how many percentages fall within 30%–32% inclusive, and how many exceed 32%?","2, 1",https://datavizproject.com/wp-content/uploads/examples/Sk%C3%A6rmbillede-2016-01-25-kl.-14.26.05.png,,d35d257b9bf28262c9f6ce1fc648e17135f336d0e5b67fd2ff415aa66b2ba446,71
X1600-0166,chart_a9ca17780e593bb67d5b9f16,What is the mean labeled depth of the two Peru earthquakes?,36 km,,,a9ca17780e593bb67d5b9f1628a9473140e65a7b65c3877e32db87420515aea0,10
X1600-0168,chart_6d8fa3dbc2bf0fce81e0c1ec,"How did the hectares of crops affected change from 2012 to 2013 and from 2013 to 2014? Answer each interval with increase, decrease, or unchanged.","decrease, increase",,,6d8fa3dbc2bf0fce81e0c1ecc3e98d04d632396d17cf30bd6a2219533dfea1e7,71
X1600-0171,chart_2297228f85e3cd044fd8a649,How many percentage points higher is Thailand’s displayed Q4 percentage for ages 35–44 than Malaysia’s for ages 55–64?,9 percentage points,,,2297228f85e3cd044fd8a649b20666cfb4ed9c4895092aeff90a5bd9bb63ce4d,10
X1600-0173,chart_244bd83e1a39ea882c15b8b2,"Of the combined labeled snakebite incident counts for 2011 and 2019, what percentage occurred in 2011? Round to one decimal place.",64.8%,,,244bd83e1a39ea882c15b8b2148862223e3daa13bc7ab1dbfe69bd8f57b07d63,10
X1600-0176,chart_086a1dad75e36ad11cb33e4b,"For the final two marked funding observations, is each above or below 40? Answer in chronological order.","above, below",,,086a1dad75e36ad11cb33e4bcd39d57ee5f78d71c68ca481e513a030e8995483,71
X1600-0180,chart_37c94c58b42f338f43c01222,"Among Vietnam, Singapore, and Cambodia, which countries have a reef health index above 40? List them alphabetically.","Singapore, Vietnam",,,37c94c58b42f338f43c012223e55d8919d1e914a64fc79fa212c8f7b6856a6cd,40
X1600-0182,chart_0ba36a3886a7771b8b13f12a,What percentage of the speed of light is shown for the Technical University of Denmark Experimental Fiber Optic Cable?,69%,https://cdn.statcdn.com/Infographic/images/normal/7415.jpeg,,0ba36a3886a7771b8b13f12a5d11be669550078e9bc2f9c2fc137602219b561d,1
X1600-0186,chart_e6382700e2784b4fe727755b,"Which letters label the categories with 52% and 65%, respectively?","B, D",https://i.pinimg.com/736x/0d/bf/1c/0dbf1c96e8823323c7e2426716e5f09b.jpg,,e6382700e2784b4fe727755b8ab20a0849a3b999f29e0c7238a3c8746112b73d,71
X1600-0188,chart_98d8bbf78d825d3b941d2adf,"Across 2015–2019 and 2020–2024, did Basketball participation remain below Swimming, remain above Swimming, or switch relative position?",remain below Swimming,,,98d8bbf78d825d3b941d2adf988b100696b180ea622a54b5fcb679e13c5fdd6b,60
X1600-0191,chart_f5d72c55cc51618e1b363def,"What is the sum of the daily average Air Quality Index values on January 13 and February 24, 2013?",594,,,f5d72c55cc51618e1b363def2349f05990c88d6efd332165685104680153693c,10
X1600-0192,chart_eec6af5982d356a998d73fd4,Which of Iowa and Florida has the higher bacon-to-kale mention ratio?,Iowa,https://files.catbox.moe/evuagz.png,,eec6af5982d356a998d73fd4eeadcdab0694a1940e3289e04bd96de6e6cb9568,60
X1600-0194,chart_c56e11282dca7624d223d82f,"Among Turkey, Switzerland, and South Africa, which country had the largest increase in its debt-burden score since 2022?",Turkey,,,c56e11282dca7624d223d82f99a2fde12ceefe253bd28e0555080e5f2d00796e,60
X1600-0195,chart_200603d550216f835fbf2243,"Between 1960 and 2020, what was the first evaluation year when China's plotted efficiency index was less than twice its previous evaluation value?",2000,,,200603d550216f835fbf2243c2b20e38f7e14a9dcf83493fe535f0d070b9d93e,60
X1600-0197,chart_ff7458317de83084949389cd,"How did the Global (BNEF) solar price change from 2012 to 2014 and from 2014 to 2017? Answer increase or decrease for each interval, in that order.","increase, decrease",https://elements.visualcapitalist.com/wp-content/uploads/2021/06/solar-energy-costs-wrights-law.png,,ff7458317de83084949389cd10fdbfbbdc0770f3c1611970f76b3bc2b068e02a,71
X1600-0198,chart_44eb51ed74eb7b79c47e5c76,"Order Broadcom, Amazon, and Meta from closest to farthest from TSMC's market capitalization.","Broadcom, Amazon, Meta",,,44eb51ed74eb7b79c47e5c761f1c6edb4906e606bc2488d178a5504c266042a3,71
X1600-0200,chart_e6fd8414c72c2e13724af3b3,What labeled average sprint time belongs to the second plotted observation after 1984?,9.85 seconds,,,e6fd8414c72c2e13724af3b3dabdb448b62994b5764fe2c5c3c631a9a01d34c7,1
X1600-0203,chart_fd8c046929b7d995a8fea808,"What is Pakistan's average annual spending per citizen on electronics, in US dollars?",US$1,,,fd8c046929b7d995a8fea8085feaa6361c377628d21482864553a6921375dd54,1
X1600-0205,chart_300df622da031802e81f0626,"Rank February, July, and November 2023 by Traditional Marketing engagement, highest first.","July 2023, February 2023, November 2023",,,300df622da031802e81f062658fbe0f22d2395a2be7d78c9bbe2e7e95830e1cc,71
X1600-0206,chart_ac9d4d37b670388ca5bc6cc2,Which years from 2010 through 2013 had Stockholm Districts percentages strictly between 24% and 26%? List them chronologically.,"2011, 2012",,,ac9d4d37b670388ca5bc6cc21b9241c61972c8730c6b61190a58065e12655180,71
X1600-0207,chart_b9f07b4b9f4637692500c0b5,What fraction of Wrangler's year-to-year sales changes from 2010 through 2024 were decreases?,13/14,,,b9f07b4b9f4637692500c0b5f0cd1f30d5165a9a0a59153bce69333de8445baf,10
X1600-0208,chart_c7f011e2fc6821df92918c42,"Between 1990 and 2015, which consecutive five-year interval had India's smallest decrease in the plotted standardized cholera prevalence index?",2010–2015,,,c7f011e2fc6821df92918c42f20972def43dfbcd7b2139f931ec2d1e09b4ec58,60
X1600-0209,chart_4dcc59a579974909d29655d7,How many active players does Switch have in the genre with the second-highest active-player count on PC?,70K,,,4dcc59a579974909d29655d7a167426ce2f6af22628e54569785a21195f0a5ce,1
X1600-0212,chart_6c8a9ed8a749c417b8c1a40c,"What was Delaware’s annual per capita ethanol consumption from spirits in 2022, in gallons?",2.34 gallons,https://www.visualcapitalist.com/wp-content/uploads/2024/10/Spirits-Consumption-Per-Capita_US-map_02-web.jpg,,6c8a9ed8a749c417b8c1a40cb1312f0b9569d321422b788de0c79b1aea67cec5,1
X1600-0213,chart_2525a0f052dd2c31a6fa6325,"Rank the intervals 2010–2014 and 2020–2023 by their increase in labeled revenue, from largest to smallest.","2020–2023, 2010–2014",,,2525a0f052dd2c31a6fa63250b1478e03f67954b01cede53639b3f339d4f5cdc,71
X1600-0214,chart_de2a9839252e28fcf04e88a0,"Which plotted years from 2012 through 2019 had more than 20,000 conflict deaths? List them chronologically.","2015, 2016, 2019",,,de2a9839252e28fcf04e88a01b7ac4fe443c039ad21effe09e9f3816d14404b2,71
X1600-0215,chart_c6db10a216cf9acc0d1472f8,How many stops did Bethesda and Silver Spring record combined?,6 stops,,,c6db10a216cf9acc0d1472f8d9ca849043e5d24e9369ffa9eddd3ff61b16e311,10
X1600-0216,chart_add0469185462fb5fd4f4859,"Using the displayed figures, how many more workers were laid off at Riot Games than across tech in January 2022?",20 workers,https://www.visualcapitalist.com/wp-content/uploads/2024/01/Tech-Layoffs-01232024-1.jpg,,add0469185462fb5fd4f48599f0454c2f461658d915b7e8060d679eb07622da9,10
X1600-0219,chart_469d5fda69b43fea298a71df,"Which farms correspond to the printed values 7.3K and 9.1K, respectively?","Golden Fields Co-op, Clover Leaf Farms",,,469d5fda69b43fea298a71dfa15d051c6f9ac9de96876e928382fa7a8092c857,71
X1600-0225,chart_d66d778005af86f7ed1c1e72,Which of Connecticut and Rhode Island had a higher median house price than Florida in August 2024?,Rhode Island,https://www.visualcapitalist.com/wp-content/uploads/2024/11/MedianHousePriceVoroBar.jpg,,d66d778005af86f7ed1c1e7259db44d89d1b9ed3bd7e2b9c5461b9ac833d4249,60
X1600-0226,chart_d669a45923a51a1fcdd74d9c,"Of 2010 and 2020, in how many years did Taiwan's affordability index exceed 60?",1,,,d669a45923a51a1fcdd74d9c66b8766aac7b81b4a85451bf70e4694020a7eb0c,54
X1600-0227,chart_9bc01977600cd8270c22c23f,"In 2020, what percentage of the combined Athleisure Districts and Formal Wear Districts market share belonged to Formal Wear Districts? Round to one decimal place.",47.5%,,,9bc01977600cd8270c22c23f797145f0b493e3548016c65b26a7df25c35ec7f7,10
X1600-0229,chart_321301690541ed47d70c081c,"For Venetian subject matter prevalence in 1480, 1540, and 1600, are the three values evenly spaced, closer together at the lower end, or closer together at the upper end?",evenly spaced,,,321301690541ed47d70c081cf2779561606ab233d6226122379b59795087101b,60
X1600-0231,chart_fb2791c99aae19923e0b324c,"For October 2023, define an outlier as a shift with an efficiency score below 85. Which shift qualifies?",Night,,,fb2791c99aae19923e0b324c95d3df2651bba387fb6cbe69452a42129ac1abbb,60
X1600-0233,chart_2c84d3c0fa92e9b03146fec5,"Across 2005, 2010, and 2015, does the increase in the printed investment amount between successive dates grow, shrink, or stay the same?",shrink,,,2c84d3c0fa92e9b03146fec5811a47d13ec405362b5492a482dfd7822349c2f7,60
X1600-0237,chart_dcc230b5fcb49cec182ce08a,"At the beginning of 2016, rank AOL, DuckDuckGo, and Ask Jeeves by US search engine market share, highest first.","AOL, DuckDuckGo, Ask Jeeves",https://cdn.statcdn.com/Infographic/images/normal/5403.jpeg,,dcc230b5fcb49cec182ce08a1d87115e07c20554787e05717076aa23fd894d61,71
X1600-0238,chart_bee1c9ce32b3e36293e0f746,"Relative to 3%, are Uruguay's two enrollment growth rates both below, one below and one above, or both above?",both below,,,bee1c9ce32b3e36293e0f74623807cc452f736a46ec0579aabc51f49f0a41c97,60
X1600-0239,chart_ba0a7c72258fb589f14ec8de,"For Category 2, consider only the four displayed years from 2000 through 2015. Define an outlier as a frequency more than 1 above their median. Which year is the outlier?",2015,,,ba0a7c72258fb589f14ec8de17a5d08cc97639e5346cce8ce3efc6437187c774,60
X1600-0242,chart_5c815c8377d040766468609c,"In 1995, does most of the population in Africa and Europe lie below or above $5/day? Answer in Africa, Europe order.","below, above",,https://www.visualcapitalist.com/5-undeniable-long-term-trends-shaping-societys-future/,5c815c8377d040766468609cf29865c0df00ed58d50ace750a611d47a2cce9da,71
X1600-0243,chart_81aeee9418aa2f08704b905a,"How much did the estimated annual migration rate decrease from 1851 to 1855, per 1,000 individuals?",6.0,,,81aeee9418aa2f08704b905aa859d31f7c584d4b9af1025cf5c27ff786890199,10
X1600-0245,chart_199e956599f3acea2959cf52,Approximately what percentage of U.S. household wealth did Gen X hold in 2005? Round to the nearest 10%.,10%,https://cdn.statcdn.com/Infographic/images/normal/5727.jpeg,,199e956599f3acea2959cf522ac6788d87ec7aea3f27a58177bc6757e58aed8d,1
X1600-0253,chart_e05a728a1bb78cbf88e1c00c,"Which years correspond to the displayed EV sales totals of 10.9K and 3.85K, respectively?","2024, 2020",,,e05a728a1bb78cbf88e1c00c217971cece605c580382dee50e9a5c1ecda32aab,71
X1600-0254,chart_e51540ac511d326ba9b3731a,"Which countries does the chart associate with Alibaba Cloud and Google Cloud, respectively?","China, U.S.",https://i.pinimg.com/736x/87/cf/e3/87cfe3d2f4a15a87b8b53e3f7515c626.jpg,,e51540ac511d326ba9b3731afba80dc2a98081a1bb486cc70d2a64cae6155db8,71
X1600-0256,chart_83ef19dd1c55cfed97a16775,In which year does the deficit with the tax bill change from increasing to decreasing?,1983,,,83ef19dd1c55cfed97a167756b62719327261deb7f983745daf3d1250928bedd,60
X1600-0259,chart_9948f876b1c79f8abef81425,"Among France, Germany, and Spain, which country is a low outlier, defined here as having an average erect length at least 0.8 inches below each of the other two?",Spain,,https://www.visualcapitalist.com/mapped-average-penis-length-by-country/,9948f876b1c79f8abef81425ab676f0eac73b7b1f2d81d841168324081569702,60
X1600-0262,chart_7f179115c6be1152e3b6c2b8,What percentage of Mexico's total EV sales during 2018–2020 occurred in 2019? Round to one decimal place.,26.3%,,,7f179115c6be1152e3b6c2b859c23855489ea9a7282426da1dc52d0a93c3b571,10
X1600-0264,chart_fbf9a06677f5ab37afd65391,"Across Texas, Florida, and Ohio, did the range of polarization indexes narrow, widen, or stay unchanged from 2000 to 2024?",narrow,,,fbf9a06677f5ab37afd653917401b9fa696d5d248029ea7f58124e67c7c70cb6,60
X1600-0265,chart_cdc8b979317c2744108da7a2,"How much larger was New York's drop in museum attendance from 2019 to 2021 than Los Angeles's, in millions?",1.3 million,,,cdc8b979317c2744108da7a25665ae853ba741a058765b598f7ad1c358f2349a,10
X1600-0266,chart_6375bea8f99e81fb9bc2f663,How many immigrant founders of U.S. billion-dollar startups come from Elon Musk's country of origin?,3,https://www.visualcapitalist.com/wp-content/uploads/2023/08/immigrant-founders-of-billion-dollar-startups-usa.jpg,,6375bea8f99e81fb9bc2f6630fc320c9fe86d9101260d59cad7f640aa5a125a1,1
X1600-0267,chart_0153091ade456d0a3e38515d,"What are the top private employers in Rhode Island and Delaware, respectively?","Lifespan System of Hospitals, Christiana Care Health System",https://www.visualcapitalist.com/wp-content/uploads/2017/11/walmart-nation.jpg,,0153091ade456d0a3e38515d9962a02c42587bf8fd87647e2d58e88fc919fb90,71
X1600-0270,chart_a63543407f3eea2065773c5a,"For Trimethylbenzene and Trimethylpentane, respectively, classify each pollutant's connector endpoint as “orange dot” or “no orange dot”.","no orange dot, orange dot",,,a63543407f3eea2065773c5a1a7084b3fa799ae6c8cb5030f92d3c47e0eec6d2,71
X1600-0271,chart_e70d5cc908fbf1058ba549d0,"Among 2010, 2015, and 2020, what fraction of the years have a higher labeled percentage for Renewable Energy Incentives than for Fossil Fuel Subsidies?",2/3,,,e70d5cc908fbf1058ba549d0abc01b3c04cc1e934b79d69eac2660849fddfc27,10
X1600-0280,chart_4035d64d18a92b10a1540eea,"Of 2019 and 2023, how many years had coffee revenue higher than in 2021?",1,,,4035d64d18a92b10a1540eeab5576c8130408039338bd0887b30e8a5da61041d,54
X1600-0281,chart_805e660872bd8e02cab229f3,"What was the Q3-2024 attendance, in thousands, of the region that ranked third-highest in Q1-2022?",125.7,,,805e660872bd8e02cab229f3a540527c0ed15087120e2ccda587da0e85f05f07,1
X1600-0282,chart_995fd15a3fe273d6bec4af98,What is the earliest labeled year when TAS's vendor count is above 50?,2024,,,995fd15a3fe273d6bec4af98a30aa415e07818f578bf4fb07a54a030475ce59a,60
X1600-0283,chart_473734ef23559d80dad910d5,"Order Finance and Legal Services by their 2021 performance index, highest first.","Finance, Legal Services",,,473734ef23559d80dad910d50f25c0a340996c40284e7cbd0eeea5f93923eb3b,71
X1600-0284,chart_45e8ed2a00c39a753f7983fa,Which of 2023 and 2024 had Large Scale revenue strictly between 28 million and 33 million? List the qualifying years chronologically.,"2023, 2024",,,45e8ed2a00c39a753f7983fae6fa59cfa5b65e7cba17a63e15e649e12d0f5f40,71
X1600-0286,chart_0c3741c83693118a006256b3,By how many percentage points does Manufacturing exceed Public Safety in the share of firms planning to add AI functionality to their digital twins?,11 percentage points,,,0c3741c83693118a006256b378c8ca2ea68b707a595efbc4e069e02e84d41241,10
X1600-0287,chart_1b377c3aaba08cb0b0a52c62,"In 2040, which pattern describes energy use across other renewables, modern bioenergy, and nuclear: all equal, two tied above the third, two tied below the third, or all distinct?",two tied above the third,https://www.visualcapitalist.com/wp-content/uploads/2020/02/global-energy-mix-infographic.jpg,,1b377c3aaba08cb0b0a52c620d5568876d115e2d7794b609dc51c7617ad3530b,60
X1600-0289,chart_f10ed40c9cf89316422d69b2,"What is the monthly mortgage payment, including taxes and insurance, for the city requiring an annual salary of $198.2K?",$4.6K,,,f10ed40c9cf89316422d69b22efd9323fc2a7e089ab947ceee965f4ed6fb3ea9,1
X1600-0291,chart_3ba1e1f953e51b2db552ff41,How many percentage points higher is China's renewable electricity share than that of the Rest of the World?,0.1 percentage points,,,3ba1e1f953e51b2db552ff4107da4c1bedf84769fa6042ab06c83efc644e037d,10
X1600-0292,chart_975fd7f81239e2889ed56272,"Rank London and Dubai by the share of their country's billionaires living in the city in 2021, from highest to lowest. Use the UK total for London and the UAE total for Dubai.","Dubai, London",,,975fd7f81239e2889ed56272a77cfb48e17a9fdbf8b4ecce6d8d12293c3307de,71
X1600-0294,chart_98d63f9e809606319cfb6fc9,How many strikeouts did Martinez record in total during his Cy Young Award seasons?,902,,,98d63f9e809606319cfb6fc9ce0fe89864d87e37b482ac167479e466524f8f40,10
X1600-0296,chart_061c7214efd351460fb33c9e,"Among Trinidad and Tobago, Estonia, and Luxembourg, which has the highest total carbon emissions?",Trinidad and Tobago,,,061c7214efd351460fb33c9eeb5a2187ac6db19a461a429e4626c679b66bb748,60
X1600-0299,chart_e1c2ff6d8b21228e2d1d5626,"Among Hong Kong, Seoul, and Dubai, which cities had 2012–2022 HNWI growth more than 40 percentage points below the three-city mean? List all qualifying cities, or answer None.",Hong Kong,,,57da159511638f38b30799737fef33477c8daf3fc97d532ec19aa986237ba9b1,60
X1600-0301,chart_121ca872eabab1c49f78e5b4,"What are the largest end-uses of uranium and tungsten, respectively?","Energy/Batteries, Other",https://www.visualcapitalist.com/wp-content/uploads/2022/10/all-the-metals-we-mined-infographic-2021-updated.jpg,,121ca872eabab1c49f78e5b4037cf638f6544fe22718c89747512fe84737ba9c,71
X1600-0302,chart_ae11c86f24dd888d58f42bc1,"Order W.O., W.D., and I. Zone by affordability score, from lowest to highest.","W.D., I. Zone, W.O.",,,ae11c86f24dd888d58f42bc1909f3b2692ca2075c75b14034c329f66e0961a54,71
X1600-0304,chart_776787ed4d093022930cf7d7,What is the arithmetic mean of the displayed unemployment-rate percentages for 2014 and 2022?,5.25%,,,776787ed4d093022930cf7d7a425b4a5279abb50666722f0981d49554fe5716c,10
X1600-0305,chart_a68bdf3decd4e1355dc07839,What percentage of the white Bordeaux varietal breakdown belongs to the grape also listed as a similar varietal for COOL-climate Semillon?,38%,https://i.pinimg.com/736x/68/df/55/68df557415d33a1bd088e3d366ea0919.jpg,,a68bdf3decd4e1355dc07839ee97f8c5d6ac07a98e998b7867d2a20ee56eba6a,1
X1600-0308,chart_0f725b316c72f805a1cdd841,"Across January 2025–February 2026, which Southern Cone consumption values occur most frequently? List all tied values in ascending order.","3.1 kg, 3.2 kg, 3.3 kg, 3.5 kg",,,0f725b316c72f805a1cdd841d0a54c707d934912fcafb7acd2a371888bbf037b,71
X1600-0309,chart_3d7e379913a9d08987b6cceb,"Across 2010, 2012, and 2014, do the printed Private Company and Government Agency percentages have a positive or negative association?",positive,,,3d7e379913a9d08987b6cceb63fd45b026cde8dfaa1f747df60795f5a16c4072,60
X1600-0310,chart_926e857ff8979085f6427ee4,"Among Dota_2, Overwatch_2, and Rocket_League, define an outlier as a game with more than 1 million average viewers on YouTube Gaming. Which game is the outlier?",Dota_2,,,926e857ff8979085f6427ee49ffa39e4975a7e1397c616d3bfba8f8b685feac0,60
X1600-0312,chart_b0b045d9a10ad0d4cd6f5b93,"Rank Monster Energy, Strategic Brands, and Alcohol by year-over-year revenue growth in Q3 FY24, from highest to lowest.","Strategic Brands, Monster Energy, Alcohol",,,b0b045d9a10ad0d4cd6f5b93cb180597082c8a87bdc6623281e401085bdb8954,71
X1600-0313,chart_3c6250272373d90e9158811a,Which of Younger and Lower-Income had more than tripled its attendance from 2010 to 2024?,Lower-Income,,,3c6250272373d90e9158811a2c6f271ec361e032552a50d3f395b2ed69b4c738,60
X1600-0314,chart_f22e7bdca7c81f3cdd2eaf4f,"What languages are indicated for the mottos “Hope” and “He who transplanted sustains,” respectively?","English, Latin",https://files.catbox.moe/lh5y8u.png,,f22e7bdca7c81f3cdd2eaf4f52634072ee38a6e0b50c04c34f0ccb6782addc2e,71
X1600-0315,chart_10049a9f1af7fe0fdc49783f,"Order E. Eze's Successful dribbles %, Accurate crosses %, and Goal conversion % from lowest to highest percentile rank.","Successful dribbles %, Accurate crosses %, Goal conversion %",https://files.catbox.moe/90mk60.png,,10049a9f1af7fe0fdc49783f43ee565bea90d5f6201daa5d3a690eca6e1dd3ec,71
X1600-0319,chart_37166c77dad14871a5814229,"Among women aged 13, 50, and 60, which age has the highest challenge completion percentage?",50,,,37166c77dad14871a5814229824e241f6d390cde71e58af08672b900054d094e,60
X1600-0321,chart_86808c564330391bb043c853,"Order World War I, the Great Depression, and the end of World War II by the magnitude of their marked annual CO₂ emissions decrease, largest first.","End of World War II, Great Depression, World War I",,,86808c564330391bb043c8533dc494d6170c8cf31b469c310a6e37630b511741,71
X1600-0326,chart_ecd2d5681c93e0dc77d1e98f,"Rank team sizes 9, 10, and 12 by delivery speed, fastest first.","12, 9, 10",,,ecd2d5681c93e0dc77d1e98ffb99d357cf07b81481a8c7a6c334f39791256ee0,71
X1600-0329,chart_56f7a209d99fead6b39d4358,"What percentage shares are printed for personal insurance and pensions and for clothing & related items, respectively?","9.63%, 2.99%",https://i.pinimg.com/736x/b3/e1/48/b3e148f133710510e2d36fed5089c31f.jpg,,56f7a209d99fead6b39d4358daaee8a405da3f6a558634b60d1be59c23a9b154,71
X1600-0331,chart_5576f7847fa18edb21ef5b3c,"For June, September, and November 2021, how many resident counts are below 2,000 and how many are at least 2,000? Give the counts in that order.","2, 1",https://mir-s3-cdn-cf.behance.net/project_modules/max_1200/400520189719143.65afc972bf0b5.png,,5576f7847fa18edb21ef5b3cf9c1e501476a23225ccb070eb582d5d7445d7552,71
X1600-0332,chart_081a018856ef0ef25d61e04d,"Which responses are represented by the gold slice in the women's donut and the gray slice in the Americans' donut, respectively?","Prefer not to say, Not sure",https://cdn.statcdn.com/Infographic/images/normal/11809.jpeg,,081a018856ef0ef25d61e04dbfe54292f28e020e8f9f2f43976c20d1e6b5fd26,71
X1600-0333,chart_48cda894481fcbcdbdff8ae3,What is the combined immigrant population of the regions shown as contributing 10% and 1% of the US immigrant total in 2022? Give the answer in millions.,4.989 million,https://www.voronoiapp.com/_next/image?url=https%3A%2F%2Fcdn.voronoiapp.com%2Fpublic%2Fimages%2Fvoronoi-Breaking-Down-Americas-Immigrant-Population--20240506103023.webp&w=3840&q=85,,48cda894481fcbcdbdff8ae3a6f28fe0bc5d3d8cdbcd8a559c2ddf3f04e5c20e,10
X1600-0334,chart_f15765a9f5538a91f4e7f94f,How did Pop's percentage change from 1999 to 2000 and from 2000 to 2001? Give the two directions in chronological order.,"decrease, increase",,,f15765a9f5538a91f4e7f94fe76f7aa7e646047c6d626015d8517a3633c8795d,71
X1600-0335,chart_69f7fd471466e0e67f67b2b9,"Based on the orange markers, which year had the third-highest number of MAP eligible students left in suspension during 2013–2016?",2016,https://cdn.statcdn.com/Infographic/images/normal/3662.jpeg,,69f7fd471466e0e67f67b2b9c2a89b6a151f5c503af9e34b43ff65c3c9e69e0a,60
X1600-0337,chart_ce7e7978e4ee42abd3b87a73,"How many more viewers did Regional tournaments have than National tournaments in 2022, in millions?",59.7 million,,,ce7e7978e4ee42abd3b87a73e707d3528f458dbde762a257753e838cf09b3f45,10
X1600-0340,chart_55f67113e920ea29658ad34c,"For the 55+ demographic, what percentage of the five years from 2018 through 2022 had media exposure above 30?",40%,,,55f67113e920ea29658ad34c0e1bcb79d47b852a270c4b1d4652a19561d2a7e2,10
X1600-0341,chart_2e951f567d73cc8354ef157e,Which Facebook-browsing session has the longer printed duration? Answer with its time range.,12:55PM–1:10PM,https://mir-s3-cdn-cf.behance.net/project_modules/max_1200/bd6be943705217.57f983d176452.png,,2e951f567d73cc8354ef157ed4851f87db9d391ee32b70eb189ced34080e8fda,60
X1600-0343,chart_cb455ac521b6f1f0dcbb7036,"For South Korea and Singapore, what are the 2020 circular-marker scores, in that order?","42, 31",,,cb455ac521b6f1f0dcbb70365b9b3171d93f44c8704730c46114b79b83fba419,71
X1600-0347,chart_b667057a965d5e9cbf128503,How many brands have thicker segments than NIO in both 2023 and 2024?,2,,,b667057a965d5e9cbf128503cf94d4f07dabf52af6ffbc42538e3af444f9bb01,54
X1600-0348,chart_477e74326bff8d9f58cc94b8,Define low-growth outliers as institutions with enrollment growth below 1%. Which legend groups contain these outliers? List the groups in increasing order of their outliers' growth rates.,"Thailand-Vietnam, Indonesia-Philippines, Singapore-Malaysia",,,477e74326bff8d9f58cc94b8ef88ced9063ec17199a2d09f799f9124e77dae25,71
X1600-0350,chart_c0aade03cf54487d165ebb58,What percentage of the combined displayed totals for 1996 and 2012 belongs to 1996? Round to one decimal place.,45.1%,,,c0aade03cf54487d165ebb58191288029bcc95d8f8b6df5a807f485e66028fd8,10
X1600-0351,chart_18b9d3cc97f9c9f07d6eb680,"Among 'Police put out a line up', 'Offering Saul’s mission', and 'Using Edie to threat Keaton', which scene has the greatest influence on the story?",Police put out a line up,,,18b9d3cc97f9c9f07d6eb6803e275adcb6c590c8526269ae89f8768ab8a3ef2d,60
X1600-0354,chart_f3ad1a074451372df846ec6f,"Rank ESPN+, Hulu and Amazon Music from highest to lowest printed percentage growth in subscriptions.","ESPN+, Amazon Music, Hulu",https://www.visualcapitalist.com/wp-content/uploads/2021/03/Streaming-Service-Subscriptions-2020.jpg,,f3ad1a074451372df846ec6f637a06b394830112679d30e11e869dcb7691e515,71
X1600-0355,chart_3cbbcf93d18e42b1f0be92eb,"Among the roles whose cells share an edge with Researcher in the circular chart, which ranks second by Productivity Index, from highest to lowest?",Database_Admin,,,3cbbcf93d18e42b1f0be92eb34f5f34a20c9e01bc68941866f213abe40b28134,60
X1600-0356,chart_a234207a6094d7db42476399,How many registered arrivals in 2022 did the country with 95000 arrivals in 2016 record?,40000,,,a234207a6094d7db424763993b162fbae6a456750f2a0c5a6294fa2b49523f89,1
X1600-0360,chart_ec46f5afcb347412c05a6588,What is the projected 2030 battery capacity of the country whose block includes Panasonic?,1261 GWh,https://www.visualcapitalist.com/wp-content/uploads/2024/08/Benchmark-3_Top-Lithium-Ion-Battery-Producers_Site.jpg,,ec46f5afcb347412c05a65887c496a6e31b87229ee05e42c13c61816b6028e59,1
X1600-0363,chart_fefb092bf75a32878bfd9ca5,What percentage of P&G's Q2 FY25 net sales came from Fabric & Home Care? Round to one decimal place.,34.7%,https://pbs.twimg.com/media/Fz-xI8paAAEpzFJ.jpg,,fefb092bf75a32878bfd9ca5658ea525f146eddfa8244d3e9694423fa4761b5c,10
X1600-0364,chart_3d20d84fc153192a0bcd39e5,Which plotted year after 2015 had the highest carbon dioxide emissions per capita?,2019,,,3d20d84fc153192a0bcd39e56cd593e21604fd310a7d25383644c4efa723cd7f,60
X1600-0365,chart_eb03e8850fb2050faa7dff97,What is the armed forces personnel value at the first marked observation after 1993?,0.26,,,eb03e8850fb2050faa7dff975e918cac61708c1141450fc918953cfb916e9b7a,1
X1600-0370,chart_6836040c7dd0cb71673b059e,"Rank Netherlands Antilles, Kuwait, and Ireland from highest to lowest per capita carbon emissions.","Netherlands Antilles, Kuwait, Ireland",,,6836040c7dd0cb71673b059ea5a0134496872e55a299ffb7aaac53794e6ef074,71
X1600-0371,chart_c28f06706ab7dd3f7720abbe,"Among North Carolina, Virginia, Minnesota, and Illinois, which regions have illustrated scenes in their circular badges instead of blue-and-white stripes? List them alphabetically.","Illinois, Virginia",,,c28f06706ab7dd3f7720abbe9b80ff950e5012dbb0ab8ec38eeabc14affb4b36,71
X1600-0372,chart_6e6438a33e5bda6e348b15b5,"What was Brisbane's combined resource consumption in 2018 and 2024, in metric tons?",1640.8,,,6e6438a33e5bda6e348b15b551299b1d3ef9d2354b828a0ff16ac2235a063347,10
X1600-0378,chart_7911feb8365956a103486619,"Which health insurers were the largest in Connecticut and Hawaii, respectively, in 2023?","Elevance Health, hmsa",https://www.visualcapitalist.com/wp-content/uploads/2024/12/Americas-Largest-Health-Insurers-by-State_website_Jan6-1.jpg,,7911feb8365956a103486619de1b6515205faddfc1b61c775c273112433b2f37,71
X1600-0382,chart_06d3eee384725fe084588f12,"Which two brands are listed after the group name for the company making $2,664.17 per second in 2019? Give them in their listed order.","Peugeot, Citroën",https://www.visualcapitalist.com/wp-content/uploads/2020/08/How-Much-Major-Automakers-Make-Every-Single-Second-1200.png,,06d3eee384725fe084588f12024d89cb5be5c50586d6196f305a5132462994a2,71
X1600-0383,chart_e307be64cee4dea93af9f17b,What combined share of semiconductor production is projected for Europe and China in 2032?,30%,https://www.visualcapitalist.com/wp-content/uploads/2025/01/SemiconductorswithBar.jpg,,e307be64cee4dea93af9f17bdc0d3e8003cd60fb31abc87efc5061c2206d3ecc,10
X1600-0385,chart_ab2a04f84c8863ab4d64ebdf,"Among 1928, 1932, 1936, and 1940, which year had the largest gap between the highest tax bracket and the average CEO tax bracket?",1936,,,ab2a04f84c8863ab4d64ebdf81d040db924eeb81b1cf978770c92a0021c3b290,60
X1600-0390,chart_eb2645fe937a31fcd2360bf9,"Rank South Carolina, Delaware, and New Hampshire from lowest to highest by the value of their leading agricultural commodity.","New Hampshire, Delaware, South Carolina",https://www.visualcapitalist.com/wp-content/uploads/2019/04/most-valuable-ag-commodity.jpg,,eb2645fe937a31fcd2360bf92fb3b9f9d562790883f9aaaf784a573047450498,71
X1600-0393,chart_9b7b3337b1a4e5f0c1f775b8,"Compared with independent designers, do design agencies rate participation in trade shows and visits to trade shows as more or less effective? Answer in that order.","more effective, less effective",,,1121250872cfdc38976aa500d6044239ed48d6cdf4c64f8ec54bb78e3c7d007d,71
X1600-0394,chart_170a5bdd394f7dffdc7d75e1,"How did the number of billion-dollar hurricane events change from 2003 to 2004, and then from 2004 to 2005? Answer each change as increase, decrease, or stable.","increase, stable",,,170a5bdd394f7dffdc7d75e1b76a0d024053f9afb302ccb58f9bad604d8b6e46,71
X1600-0396,chart_21685cba709994901f23327e,"Which car groups occupy printed ranks 6 and 20, respectively?","Ford, SGMW",,,21685cba709994901f23327e1d502bebfbfbc4717f62d6af1dc90b9b1b3bd2ef,71
X1600-0397,chart_2b3172235e97413a0c61e4d8,"For Burundi, Chad, and Central African, are the country rankings by mean years of schooling and estimated gross national income per capita in the same order, opposite orders, or neither, for both genders?",opposite orders,,,2b3172235e97413a0c61e4d895af95515ab0b189f2fede5e87f8feaa99811e86,60
X1600-0398,chart_2e9df12cd94980aa0ad79256,Treat funding above $150 million as an outlier among the Health Care companies shown. Which company qualifies?,iCarbonX,,,2e9df12cd94980aa0ad7925681c763cc596dc7d76da323d48cfe98176d32eae5,60
X1600-0399,chart_2b3172235e97413a0c61e4d8,"Between Iraq and Guyana, does the country with higher female mean years of schooling also have higher female estimated gross national income per capita?",No,,,343d39dca7f5d9b3412d37f8643ffc4394f7d3b5fbc6b24177ffb24c48843cb0,13
X1600-0401,chart_402c2eff89df9db7bbfd59cc,"Across January, April, and September, do months with greater travel distance also have greater travel costs?",Yes,,,402c2eff89df9db7bbfd59cc411e3176fe8cd5f984d51a8dd0c69ec0920cf4d2,13
X1600-0402,chart_4372351122444a08513c68aa,"Among 2009–2011, which year is the sole outlier under the rule that the increase in funds received exceeds R6 million?",2010,,,4372351122444a08513c68aad8b00cfd8cac03ab8363048a98fa8041db0371e6,60
X1600-0403,chart_5862980720d07a2f212ede60,"For Portuguese, Russian, and Japanese, what is Pearson's correlation coefficient between native-speaker totals and the number of countries where each language is spoken? Round to two decimal places.",0.72,,,5862980720d07a2f212ede603971d1c2ab718725fe804498ca2b59620bfb5fea,10
X1600-0404,chart_5de3f08880030666e2bcb4d9,"Among Seoul 1988, Atlanta 1996, and Sydney 2000, which host is a low-cost outlier, defined as costing more than 25% below the median hosting cost of these three?",Sydney,,,5de3f08880030666e2bcb4d97f06dbfb704ec1393413dfac0ac3ce3fac68ab2c,60
X1600-0405,chart_5e2e0bb75fd64ca5a579e79a,Which theme includes Create Memorable Open Spaces?,Park Loop,,,5e2e0bb75fd64ca5a579e79afc000e4a5483687a6a78bf1a8316b2bc69bfdd95,60
X1600-0406,chart_6a8c90f4ab52bf89979adc21,"Which emotions does the outermost colored band show at ages 19, 20, and 21, in that order?","PESIMISMO, AMOR, INTERÉS",,,6a8c90f4ab52bf89979adc21937ac30a423995c0543f54aa884b0104a13a5733,71
X1600-0408,chart_6fd6b0f5c77ff0e7d1847e07,How much higher is Incyte's median employee salary than Endocyte's?,$20K,https://brobible.com/wp-content/uploads/2018/07/highest-paying-companies-in-every-state-map.jpg?quality=90&w=650,,6fd6b0f5c77ff0e7d1847e07e8aecdbc02214b6e60138247ee40aa1642563c1f,10
X1600-0409,chart_8111f845dc4a681f64746883,Which team is predicted to face the Group E winner in the quarterfinals?,Brazil,,,8111f845dc4a681f64746883a48006ca795ba2249469df40052bc533369fa07b,60
X1600-0410,chart_84f4ad7873022098c61d63bd,"Which primary causes of failed projects correspond to 12% and 21%, respectively?","Task dependency, Inexperienced project manager",,,84f4ad7873022098c61d63bd522b8405c27903c89bcb80751bcad193c861328b,71
X1600-0411,chart_9b7b3337b1a4e5f0c1f775b8,"Among Site web, Recommandations des clients, and Réseaux de professionnels, which method is the sole outlier under the rule that usage exceeds 80% in at least one professional group?",Recommandations des clients,,,9b7b3337b1a4e5f0c1f775b8e63a94f25ab45ed8a018a6071cfd482b7c566c71,60
X1600-0412,chart_9df8b57706bdbe6f6a567366,"Which whisky brands rank 11th and 17th in sales, respectively?","Blenders Pride, Chivas Regal",,,9df8b57706bdbe6f6a567366dfe620360ecbe991cbd0f7267cc09600cfabbc7c,71
X1600-0413,chart_a13fb6bc7baf8d4dc9c2aab9,"Which hosts are connected to H4N5 and H4N6, respectively?","Birds, Seals",,,a13fb6bc7baf8d4dc9c2aab9b76edbf2ae433be9b2a2e67fc83bae13b7a83f47,71
X1600-0414,chart_a3da349406d1ffd6d045da36,"How much greater was the increase in funds spent in 2012 than in 2008, in millions of rand?",2.655,,,a3da349406d1ffd6d045da3675c676eff4ef33f3a3202e9a8365e32e7e8ce9c2,10
X1600-0419,chart_be7b3d128769b24c359cc93e,"Among Australia, Switzerland, and the Netherlands, which country is an outlier under the rule that its absolute male–female estimated gross national income per capita gap exceeds 30,000 PPP$?",Netherlands,,,be7b3d128769b24c359cc93ebae3059065efd29336897ba5d563ca0b2b9ed6b2,60
X1600-0420,chart_bf43e4dfa65683d3719a2660,Which animals are assessed as 'Likely yes' for effects on exploratory behavior from pain?,"Pig, Chicken, Octopus",,,bf43e4dfa65683d3719a2660ea454c15810e3abe3c54cb92a3566a8b503ae9be,40
X1600-0422,chart_d24e891977959e0cc57c0788,"What was the combined net income of San Miguel Brewery, Inc. and San Miguel Corp. in 2022, in billions of pesos?",₱13.82 billion,,,d24e891977959e0cc57c0788f7d871701882b41c77fcc78785a48dbc76c94ace,10
X1600-0424,chart_ec6e0f973aca0bcb56c8090f,"Order Team under Confidence, Develop People under Management, and Alignment & Strategy under Team Structure by red-line percentage, highest first.","Team, Develop People, Alignment & Strategy",,,ec6e0f973aca0bcb56c8090f066ef811c88453860d3b9588943a892019898138,71
X1600-0425,chart_f3228c8faa3c078be8644961,"For the second-term inaugural addresses of Lincoln, Cleveland, and Clinton, how many fall into each word-count interval: below 1,000; 1,000–1,999; and at least 2,000? Answer in that order.","1, 0, 2",,,f3228c8faa3c078be8644961b488ab6a3c4ee08c41e01fded0eca8d7db83bef6,71
X1600-0426,chart_fe37c7ca93493cde4319b90b,What is the YTD price change of the stock with 79% short interest?,289%,https://www.visualcapitalist.com/wp-content/uploads/2021/02/Most-Shorted-Stocks.jpg,,fe37c7ca93493cde4319b90bd2f730dc6879507d4ab5ba4a548caf43841d3027,1
X1600-0428,chart_8fcc465f8ddab37c7643ee1c,"How did the UBS index change from 2020 to 2021 for the cities scoring 0.35 and 0.46 in 2021, respectively?","increase, unchanged",https://i.pinimg.com/736x/16/58/08/1658080594bce7f5effc576b056fd802.jpg,,8fcc465f8ddab37c7643ee1c19900e4a5ecd8a4c7eb66081bd077bace18f9710,71
X1600-0429,chart_59516ed6a80ba340f2d64594,"How are Spain, Italy, and Mexico distributed across the tax-level categories?",20%-29%,https://files.catbox.moe/sbamwt.png,,59516ed6a80ba340f2d64594963c3cb4b8653d7e407ec323efa6a0e12fabd484,60
X1600-0430,chart_0beee470cb90e1906c982153,"Order NE, DC, and AR by nominal GDP in 2025 from highest to lowest, breaking ties alphabetically by abbreviation.","AR, NE, DC",,,0beee470cb90e1906c9821539227b88b8d2ea96416ceed72acd674440524db2c,71
X1600-0434,chart_170a5bdd394f7dffdc7d75e1,Which type of billion-dollar disaster occurred most frequently in 2007?,Freeze,,,170a5bdd394f7dffdc7d75e1b76a0d024053f9afb302ccb58f9bad604d8b6e46,60
X1600-0437,chart_2b3172235e97413a0c61e4d8,"Among Norway, Australia, and Switzerland, which country has an absolute male–female income-per-capita gap greater than 1.4 times the median gap of these three countries?",Switzerland,,,2b3172235e97413a0c61e4d895af95515ab0b189f2fede5e87f8feaa99811e86,60
ADD1000-20260923-001,chart_a852d120e44da5b242dfd816,"Among Japan, Germany and the UK, which destinations each account for half of China's share of U.S. exports?","Japan, UK",https://www.visualcapitalist.com/wp-content/uploads/2017/05/trade-share-203x157.jpg,,a852d120e44da5b242dfd816c4aa362d47cd414f3a0cfeca036602e62891636b,40
ADD1000-20260923-002,chart_20af53c430f704cec8f997e1,"What is the combined profit per day of Alphabet and Citi, in millions of dollars?",133 million dollars,https://www.visualcapitalist.com/wp-content/uploads/2019/10/most-profitable-companies-1200px.jpg,,20af53c430f704cec8f997e1403bb9e3df247d190daaae7f5c0c2049cb220a86,10
ADD1000-20260923-003,chart_facffacac0cb192830ebc7b4,"Rank Infor, OneWeb and Magic Leap by disclosed equity funding, from highest to lowest.","Infor, Magic Leap, OneWeb",https://www.visualcapitalist.com/wp-content/uploads/2018/07/united-states-of-tech-startups.png,,facffacac0cb192830ebc7b453af1005b641ba11ac04323ab6c7f2647272908b,71
ADD1000-20260923-004,chart_442186568d648b784a073e63,"In 2019, how much petroleum energy went directly to the residential and commercial sectors combined, in quads?",1.84 quads,,https://www.visualcapitalist.com/visualizing-americas-energy-use-in-one-giant-chart/,442186568d648b784a073e63618f5fc484464e9f30d414326a7c7b26d236274a,10
ADD1000-20260923-005,chart_1b7f299016bdedd6521c7ed2,"Which cities are represented by map markers 5 and 9, in that order?","San Francisco, Miami",,https://www.visualcapitalist.com/how-many-hours-do-americans-lose-to-traffic-congestion/,1b7f299016bdedd6521c7ed2d5dbefdfbbdd1deb18ba7cd978c7f34faf1014eb,71
ADD1000-20260923-006,chart_9b66f026e631b31effc95475,What was the 2023 ETF return of the investment theme with $997 million in net flows?,50%,,https://www.visualcapitalist.com/top-performing-investment-themes-in-2023/,9b66f026e631b31effc954750b9c54cc4ef09f72259acea70fa7d1f2b5559375,1
ADD1000-20260923-007,chart_c8788190ace8880ee8e220ac,"Which has the larger percentage-point gap between mobile phone ownership and financial account ownership, Algeria or Lebanon?",Lebanon,,https://www.visualcapitalist.com/sp/pla02-unbanked-in-a-connected-world/,c8788190ace8880ee8e220acc46c996beb7862803805187af5406baade5c98cc,60
ADD1000-20260923-008,chart_abc92256459fef2281e7d4bd,Which occupation has the higher average annual salary: the one employing 260 people or the one employing 590 people?,Wood Model Makers,,https://www.visualcapitalist.com/the-least-common-american-jobs/,abc92256459fef2281e7d4bd4746d4a53f1af546bc984ac11dd2d83a4b27c368,60
ADD1000-20260923-009,chart_f4b830ef5f574ce6182149b4,For which category does Indonesia's share of monthly spending exceed APAC's by more percentage points: education or medical?,Education,,https://www.flickr.com/photos/53951421@N06/44087004511/,f4b830ef5f574ce6182149b4ecdbe0b91fb2e6922192cef6365829e1a7e887b6,60
ADD1000-20260923-010,chart_35d805d517dbb346b1143b6a,"Which of Mexico, China and Canada has the largest percentage-point gap between the share of its exports going to the U.S. and the share of U.S. imports coming from it?",Mexico,https://cdn.statcdn.com/Infographic/images/normal/33907.jpeg,https://www.statista.com/chart/33907/us-trade-relationship-with-mexico-canada-and-china/,35d805d517dbb346b1143b6a97bb839d4f2fd44a98d626b74117b5b7b4838746,60
